npi,nppes_provider_last_org_name,nppes_provider_first_name,nppes_provider_city,nppes_provider_state,specialty_description,description_flag,drug_name,generic_name,bene_count,total_claim_count,total_30_day_fill_count,total_day_supply,total_drug_cost,bene_count_ge65,bene_count_ge65_suppress_flag,total_claim_count_ge65,ge65_suppress_flag,total_30_day_fill_count_ge65,total_day_supply_ge65,total_drug_cost_ge65
1003000126,ENKESHAFI,ARDALAN,CUMBERLAND,MD,Internal Medicine,S,ATORVASTATIN CALCIUM,ATORVASTATIN CALCIUM,,13,15,450,139.32,,*,13,,15,450,139.32
1003000126,ENKESHAFI,ARDALAN,CUMBERLAND,MD,Internal Medicine,S,CIPROFLOXACIN HCL,CIPROFLOXACIN HCL,,11,11,96,80.99,,*,,*,,,
1003000126,ENKESHAFI,ARDALAN,CUMBERLAND,MD,Internal Medicine,S,DOXYCYCLINE HYCLATE,DOXYCYCLINE HYCLATE,20,20,20,199,586.12,,#,,#,,,
1003000126,ENKESHAFI,ARDALAN,CUMBERLAND,MD,Internal Medicine,S,ELIQUIS,APIXABAN,,17,17,510,6065.02,,*,17,,17,510,6065.02
1003000126,ENKESHAFI,ARDALAN,CUMBERLAND,MD,Internal Medicine,S,FUROSEMIDE,FUROSEMIDE,12,17,17,405,45.76,,#,,#,,,
1003000126,ENKESHAFI,ARDALAN,CUMBERLAND,MD,Internal Medicine,S,HYDRALAZINE HCL,HYDRALAZINE HCL,,16,16,420,169.48,,#,,#,,,
1003000126,ENKESHAFI,ARDALAN,CUMBERLAND,MD,Internal Medicine,S,ISOSORBIDE MONONITRATE ER,ISOSORBIDE MONONITRATE,16,33,35,1005,372.63,,#,,#,,,
1003000126,ENKESHAFI,ARDALAN,CUMBERLAND,MD,Internal Medicine,S,LEVOFLOXACIN,LEVOFLOXACIN,26,26,26,159,222.41,,#,,#,,,
1003000126,ENKESHAFI,ARDALAN,CUMBERLAND,MD,Internal Medicine,S,LISINOPRIL,LISINOPRIL,14,31,32,960,129.24,,#,,#,,,
1003000126,ENKESHAFI,ARDALAN,CUMBERLAND,MD,Internal Medicine,S,METOPROLOL TARTRATE,METOPROLOL TARTRATE,14,33,37,1050,183.29,14,,33,,37,1050,183.29
1003000126,ENKESHAFI,ARDALAN,CUMBERLAND,MD,Internal Medicine,S,METRONIDAZOLE,METRONIDAZOLE,11,12,12,127,152.66,11,,12,,12,127,152.66
1003000126,ENKESHAFI,ARDALAN,CUMBERLAND,MD,Internal Medicine,S,PANTOPRAZOLE SODIUM,PANTOPRAZOLE SODIUM,,15,15,450,140.83,,#,,#,,,
1003000126,ENKESHAFI,ARDALAN,CUMBERLAND,MD,Internal Medicine,S,PREDNISONE,PREDNISONE,17,20,20,121,59.96,,#,,#,,,
1003000126,ENKESHAFI,ARDALAN,CUMBERLAND,MD,Internal Medicine,S,WARFARIN SODIUM,WARFARIN SODIUM,,12,12,236,197.69,,*,12,,12,236,197.69
1003000126,ENKESHAFI,ARDALAN,CUMBERLAND,MD,Internal Medicine,S,XARELTO,RIVAROXABAN,12,34,34,943,12110.2,,#,,#,,,
1003000142,KHALIL,RASHID,TOLEDO,OH,Anesthesiology,S,ACETAMINOPHEN-CODEINE,ACETAMINOPHEN WITH CODEINE,17,51,51,1398,577.96,,#,37,,37,978,437.25
1003000142,KHALIL,RASHID,TOLEDO,OH,Anesthesiology,S,AMITRIPTYLINE HCL,AMITRIPTYLINE HCL,,29,29,870,254.2,0,,0,,0,0,0
1003000142,KHALIL,RASHID,TOLEDO,OH,Anesthesiology,S,BACLOFEN,BACLOFEN,43,104,112,3194,2106.97,17,,31,,31,890,484.56
1003000142,KHALIL,RASHID,TOLEDO,OH,Anesthesiology,S,BUTRANS,BUPRENORPHINE,19,63,63,1764,24514.23,,#,41,,41,1150,16188.72
1003000142,KHALIL,RASHID,TOLEDO,OH,Anesthesiology,S,CYCLOBENZAPRINE HCL,CYCLOBENZAPRINE HCL,,11,11,300,31.88,,*,,*,,,
1003000142,KHALIL,RASHID,TOLEDO,OH,Anesthesiology,S,DICLOFENAC SODIUM,DICLOFENAC SODIUM,13,15,19,541,1859.76,,#,,#,,,
1003000142,KHALIL,RASHID,TOLEDO,OH,Anesthesiology,S,DULOXETINE HCL,DULOXETINE HCL,,33,33,990,1049.22,,*,12,,12,360,342.51
1003000142,KHALIL,RASHID,TOLEDO,OH,Anesthesiology,S,FENTANYL,FENTANYL,14,77,77.2,2274,6920.58,,*,11,,11.1,332,809.67
1003000142,KHALIL,RASHID,TOLEDO,OH,Anesthesiology,S,GABAPENTIN,GABAPENTIN,69,264,290.3,8585,3796.94,32,,112,,124.3,3690,1352.54
1003000142,KHALIL,RASHID,TOLEDO,OH,Anesthesiology,S,HYDROCODONE-ACETAMINOPHEN,HYDROCODONE/ACETAMINOPHEN,62,358,359.5,10092,8378.69,35,,204,,204.5,5559,5270.87
1003000142,KHALIL,RASHID,TOLEDO,OH,Anesthesiology,S,LIDOCAINE-PRILOCAINE,LIDOCAINE/PRILOCAINE,,11,11,330,1711.19,,*,,*,,,
1003000142,KHALIL,RASHID,TOLEDO,OH,Anesthesiology,S,LYRICA,PREGABALIN,23,106,106,3089,49748.43,,#,40,,40,1141,16482.44
1003000142,KHALIL,RASHID,TOLEDO,OH,Anesthesiology,S,MELOXICAM,MELOXICAM,,12,12,340,42.01,0,,0,,0,0,0
1003000142,KHALIL,RASHID,TOLEDO,OH,Anesthesiology,S,MORPHINE SULFATE ER,MORPHINE SULFATE,,26,26,765,742.9,,*,,*,,,
1003000142,KHALIL,RASHID,TOLEDO,OH,Anesthesiology,S,OXYCODONE HCL,OXYCODONE HCL,,11,11,315,157.86,,*,11,,11,315,157.86
1003000142,KHALIL,RASHID,TOLEDO,OH,Anesthesiology,S,OXYCODONE-ACETAMINOPHEN,OXYCODONE HCL/ACETAMINOPHEN,37,241,245,7202,5040.36,17,,118,,119,3515,2492.86
1003000142,KHALIL,RASHID,TOLEDO,OH,Anesthesiology,S,OXYCONTIN,OXYCODONE HCL,,25,25,706,6249.48,,#,,#,,,
1003000142,KHALIL,RASHID,TOLEDO,OH,Anesthesiology,S,TIZANIDINE HCL,TIZANIDINE HCL,11,30,36,1040,555.31,,*,,*,,,
1003000142,KHALIL,RASHID,TOLEDO,OH,Anesthesiology,S,TOPIRAMATE,TOPIRAMATE,13,24,25,750,148.96,,*,,*,,,
1003000142,KHALIL,RASHID,TOLEDO,OH,Anesthesiology,S,TRAMADOL HCL,TRAMADOL HCL,18,102,102,2945,1285.09,,#,64,,64,1880,1107.2
1003000142,KHALIL,RASHID,TOLEDO,OH,Anesthesiology,S,TRAMADOL HCL-ACETAMINOPHEN,TRAMADOL HCL/ACETAMINOPHEN,,11,11,295,157.98,,*,,*,,,
1003000142,KHALIL,RASHID,TOLEDO,OH,Anesthesiology,S,VOLTAREN,DICLOFENAC SODIUM,12,29,35.8,1025,5535.38,,*,14,,15.9,452,3036.62
1003000167,ESCOBAR,JULIO,DAYTON,NV,Dentist,T,AMOXICILLIN,AMOXICILLIN,19,21,21,121,71.33,,#,,#,,,
1003000167,ESCOBAR,JULIO,DAYTON,NV,Dentist,T,HYDROCODONE-ACETAMINOPHEN,HYDROCODONE/ACETAMINOPHEN,,11,11,27,63.43,,*,,*,,,
1003000282,BLAKEMORE,ROSIE,NASHVILLE,TN,Nurse Practitioner,S,CALCITRIOL,CALCITRIOL,,12,12,217,129.17,,*,12,,12,217,129.17
1003000282,BLAKEMORE,ROSIE,NASHVILLE,TN,Nurse Practitioner,S,LEVOTHYROXINE SODIUM,LEVOTHYROXINE SODIUM,,14,18,399,198.87,,#,,#,,,
1003000407,GIRARDI,DAVID,BROOKVILLE,PA,Family Practice,S,ADVAIR DISKUS,FLUTICASONE/SALMETEROL,,14,14,420,5415.66,,*,14,,14,420,5415.66
1003000407,GIRARDI,DAVID,BROOKVILLE,PA,Family Practice,S,AMLODIPINE BESYLATE,AMLODIPINE BESYLATE,15,34,34,922,134.54,15,,34,,34,922,134.54
1003000407,GIRARDI,DAVID,BROOKVILLE,PA,Family Practice,S,ATENOLOL,ATENOLOL,,18,18,540,91.64,,*,18,,18,540,91.64
1003000407,GIRARDI,DAVID,BROOKVILLE,PA,Family Practice,S,ATORVASTATIN CALCIUM,ATORVASTATIN CALCIUM,11,57,57,1497,500.82,11,,57,,57,1497,500.82
1003000407,GIRARDI,DAVID,BROOKVILLE,PA,Family Practice,S,AZITHROMYCIN,AZITHROMYCIN,29,30,30,172,313.56,,#,,#,,,
1003000407,GIRARDI,DAVID,BROOKVILLE,PA,Family Practice,S,BENAZEPRIL HCL,BENAZEPRIL HCL,,27,27,803,122.2,,*,27,,27,803,122.2
1003000407,GIRARDI,DAVID,BROOKVILLE,PA,Family Practice,S,CARVEDILOL,CARVEDILOL,,15,15,327,57.12,,#,,#,,,
1003000407,GIRARDI,DAVID,BROOKVILLE,PA,Family Practice,S,CEPHALEXIN,CEPHALEXIN,15,16,16,96,56.6,,#,,#,,,
1003000407,GIRARDI,DAVID,BROOKVILLE,PA,Family Practice,S,CIPROFLOXACIN HCL,CIPROFLOXACIN HCL,13,16,16,88,86.62,,#,,#,,,
1003000407,GIRARDI,DAVID,BROOKVILLE,PA,Family Practice,S,CITALOPRAM HBR,CITALOPRAM HYDROBROMIDE,,12,12,350,63.2,,*,12,,12,350,63.2
1003000407,GIRARDI,DAVID,BROOKVILLE,PA,Family Practice,S,CLONIDINE HCL,CLONIDINE HCL,,24,24,662,172.4,,*,24,,24,662,172.4
1003000407,GIRARDI,DAVID,BROOKVILLE,PA,Family Practice,S,CLOPIDOGREL,CLOPIDOGREL BISULFATE,12,45,45,1251,386.66,12,,45,,45,1251,386.66
1003000407,GIRARDI,DAVID,BROOKVILLE,PA,Family Practice,S,DEXILANT,DEXLANSOPRAZOLE,,16,16,133,1120.72,,*,16,,16,133,1120.72
1003000407,GIRARDI,DAVID,BROOKVILLE,PA,Family Practice,S,DIGOXIN,DIGOXIN,,22,22,151,173.3,,*,22,,22,151,173.3
1003000407,GIRARDI,DAVID,BROOKVILLE,PA,Family Practice,S,DONEPEZIL HCL,DONEPEZIL HCL,,51,51,1364,500.4,,*,51,,51,1364,500.4
1003000407,GIRARDI,DAVID,BROOKVILLE,PA,Family Practice,S,ELIQUIS,APIXABAN,11,14,14.1,421,5079.98,,#,,#,,,
1003000407,GIRARDI,DAVID,BROOKVILLE,PA,Family Practice,S,EXELON,RIVASTIGMINE,,11,11,330,5915.44,,*,11,,11,330,5915.44
1003000407,GIRARDI,DAVID,BROOKVILLE,PA,Family Practice,S,FELODIPINE ER,FELODIPINE,,13,13,345,244.88,,*,13,,13,345,244.88
1003000407,GIRARDI,DAVID,BROOKVILLE,PA,Family Practice,S,FOSINOPRIL SODIUM,FOSINOPRIL SODIUM,,12,12,360,105.6,,*,12,,12,360,105.6
1003000407,GIRARDI,DAVID,BROOKVILLE,PA,Family Practice,S,FUROSEMIDE,FUROSEMIDE,21,85,85,2213,395.27,21,,85,,85,2213,395.27
1003000407,GIRARDI,DAVID,BROOKVILLE,PA,Family Practice,S,GABAPENTIN,GABAPENTIN,,51,51,1376,611.13,,*,51,,51,1376,611.13
1003000407,GIRARDI,DAVID,BROOKVILLE,PA,Family Practice,S,GLIPIZIDE,GLIPIZIDE,,12,12,313,119.75,,*,12,,12,313,119.75
1003000407,GIRARDI,DAVID,BROOKVILLE,PA,Family Practice,S,HUMALOG,INSULIN LISPRO,,42,42,1101,10649.47,,*,42,,42,1101,10649.47
1003000407,GIRARDI,DAVID,BROOKVILLE,PA,Family Practice,S,HYDROCHLOROTHIAZIDE,HYDROCHLOROTHIAZIDE,,12,12,307,51.08,,*,12,,12,307,51.08
1003000407,GIRARDI,DAVID,BROOKVILLE,PA,Family Practice,S,ISOSORBIDE MONONITRATE ER,ISOSORBIDE MONONITRATE,11,36,36,841,371.39,11,,36,,36,841,371.39
1003000407,GIRARDI,DAVID,BROOKVILLE,PA,Family Practice,S,JANTOVEN,WARFARIN SODIUM,,21,21,146,88.63,,*,21,,21,146,88.63
1003000407,GIRARDI,DAVID,BROOKVILLE,PA,Family Practice,S,JANUVIA,SITAGLIPTIN PHOSPHATE,,11,11,309,4219.57,,*,11,,11,309,4219.57
1003000407,GIRARDI,DAVID,BROOKVILLE,PA,Family Practice,S,LANTUS,INSULIN GLARGINE,HUM.REC.ANLOG,,33,33,923,8079.03,,#,,#,,,
1003000407,GIRARDI,DAVID,BROOKVILLE,PA,Family Practice,S,LEVEMIR FLEXTOUCH,INSULIN DETEMIR,,12,12,244,3063,,*,12,,12,244,3063
1003000407,GIRARDI,DAVID,BROOKVILLE,PA,Family Practice,S,LEVOFLOXACIN,LEVOFLOXACIN,35,36,36,209,209.92,,#,,#,,,
1003000407,GIRARDI,DAVID,BROOKVILLE,PA,Family Practice,S,LEVOTHYROXINE SODIUM,LEVOTHYROXINE SODIUM,18,155,155,2129,1334.46,,#,,#,,,
1003000407,GIRARDI,DAVID,BROOKVILLE,PA,Family Practice,S,LISINOPRIL,LISINOPRIL,,48,48,1207,270.31,,*,48,,48,1207,270.31
1003000407,GIRARDI,DAVID,BROOKVILLE,PA,Family Practice,S,LORAZEPAM,LORAZEPAM,,49,49,981,283.08,,*,49,,49,981,283.08
1003000407,GIRARDI,DAVID,BROOKVILLE,PA,Family Practice,S,LYRICA,PREGABALIN,,17,17,510,4491.75,,#,,#,,,
1003000407,GIRARDI,DAVID,BROOKVILLE,PA,Family Practice,S,METFORMIN HCL,METFORMIN HCL,,27,27,793,178.52,,#,,#,,,
1003000407,GIRARDI,DAVID,BROOKVILLE,PA,Family Practice,S,METOPROLOL TARTRATE,METOPROLOL TARTRATE,17,48,49,1239,271.69,,#,,#,,,
1003000407,GIRARDI,DAVID,BROOKVILLE,PA,Family Practice,S,MONTELUKAST SODIUM,MONTELUKAST SODIUM,,17,17,426,195.26,,*,17,,17,426,195.26
1003000407,GIRARDI,DAVID,BROOKVILLE,PA,Family Practice,S,NAMENDA XR,MEMANTINE HCL,,122,122,1210,15281.17,,*,122,,122,1210,15281.17
1003000407,GIRARDI,DAVID,BROOKVILLE,PA,Family Practice,S,OLANZAPINE,OLANZAPINE,,16,16,407,162.69,,*,16,,16,407,162.69
1003000407,GIRARDI,DAVID,BROOKVILLE,PA,Family Practice,S,OMEPRAZOLE,OMEPRAZOLE,,16,16,465,150.22,,*,16,,16,465,150.22
1003000407,GIRARDI,DAVID,BROOKVILLE,PA,Family Practice,S,PANTOPRAZOLE SODIUM,PANTOPRAZOLE SODIUM,13,30,30,848,261.52,,#,,#,,,
1003000407,GIRARDI,DAVID,BROOKVILLE,PA,Family Practice,S,PENTOXIFYLLINE,PENTOXIFYLLINE,,14,14,393,240.73,,*,14,,14,393,240.73
1003000407,GIRARDI,DAVID,BROOKVILLE,PA,Family Practice,S,PERMETHRIN,PERMETHRIN,14,24,24,38,2486.85,14,,24,,24,38,2486.85
1003000407,GIRARDI,DAVID,BROOKVILLE,PA,Family Practice,S,POLYETHYLENE GLYCOL 3350,POLYETHYLENE GLYCOL 3350,11,48,48,945,783.73,11,,48,,48,945,783.73
1003000407,GIRARDI,DAVID,BROOKVILLE,PA,Family Practice,S,POTASSIUM CHLORIDE,POTASSIUM CHLORIDE,13,66,66,1741,1235.97,,#,,#,,,
1003000407,GIRARDI,DAVID,BROOKVILLE,PA,Family Practice,S,PRAMIPEXOLE DIHYDROCHLORIDE,PRAMIPEXOLE DI-HCL,,11,11,323,183.75,,*,11,,11,323,183.75
1003000407,GIRARDI,DAVID,BROOKVILLE,PA,Family Practice,S,PREDNISONE,PREDNISONE,53,60,60,622,268.25,,#,,#,,,
1003000407,GIRARDI,DAVID,BROOKVILLE,PA,Family Practice,S,RISPERIDONE,RISPERIDONE,,35,35,909,252.17,,*,35,,35,909,252.17
1003000407,GIRARDI,DAVID,BROOKVILLE,PA,Family Practice,S,SERTRALINE HCL,SERTRALINE HCL,,41,41.1,952,437.72,,*,41,,41.1,952,437.72
1003000407,GIRARDI,DAVID,BROOKVILLE,PA,Family Practice,S,SIMVASTATIN,SIMVASTATIN,,14,14,382,132.67,,*,14,,14,382,132.67
1003000407,GIRARDI,DAVID,BROOKVILLE,PA,Family Practice,S,TRADJENTA,LINAGLIPTIN,,13,13,390,4878.9,,*,13,,13,390,4878.9
1003000407,GIRARDI,DAVID,BROOKVILLE,PA,Family Practice,S,TRAZODONE HCL,TRAZODONE HCL,,21,21,462,181.23,,*,21,,21,462,181.23
1003000407,GIRARDI,DAVID,BROOKVILLE,PA,Family Practice,S,TRIAMCINOLONE ACETONIDE,TRIAMCINOLONE ACETONIDE,,19,19,61,247.85,,*,19,,19,61,247.85
1003000407,GIRARDI,DAVID,BROOKVILLE,PA,Family Practice,S,XARELTO,RIVAROXABAN,,32,32,283,3811,,*,32,,32,283,3811
1003000423,VELOTTA,JENNIFER,CLEVELAND,OH,Obstetrics & Gynecology,S,CLOBETASOL PROPIONATE,CLOBETASOL PROPIONATE,,12,12,262,832.04,,*,12,,12,262,832.04
1003000423,VELOTTA,JENNIFER,CLEVELAND,OH,Obstetrics & Gynecology,S,IBUPROFEN,IBUPROFEN,,12,12,88,61.1,,*,,*,,,
1003000423,VELOTTA,JENNIFER,CLEVELAND,OH,Obstetrics & Gynecology,S,MICROGESTIN FE,NORETHINDRONE-E.ESTRADIOL-IRON,,16,16,448,295.85,0,,0,,0,0,0
1003000423,VELOTTA,JENNIFER,CLEVELAND,OH,Obstetrics & Gynecology,S,PREMPRO,ESTROGEN,CON/M-PROGEST ACET,,12,12,336,1915.24,,*,,*,,,
1003000480,ROTHCHILD,KEVIN,AURORA,CO,General Surgery,S,CARAFATE,SUCRALFATE,,17,17,235,3286.74,,*,,*,,,
1003000522,WEIGAND,FREDERICK,DELTONA,FL,Family Practice,S,ACETAMINOPHEN-CODEINE,ACETAMINOPHEN WITH CODEINE,,12,12,94,163.41,,*,,*,,,
1003000522,WEIGAND,FREDERICK,DELTONA,FL,Family Practice,S,ACYCLOVIR,ACYCLOVIR,,14,17,311,1280.14,,#,,#,,,
1003000522,WEIGAND,FREDERICK,DELTONA,FL,Family Practice,S,ADVAIR DISKUS,FLUTICASONE/SALMETEROL,,20,36,1080,11706.62,,#,,#,,,
1003000522,WEIGAND,FREDERICK,DELTONA,FL,Family Practice,S,ALENDRONATE SODIUM,ALENDRONATE SODIUM,,20,52.5,1558,208.81,,*,20,,52.5,1558,208.81
1003000522,WEIGAND,FREDERICK,DELTONA,FL,Family Practice,S,ALLOPURINOL,ALLOPURINOL,13,56,140,4200,1086.02,,#,,#,,,
1003000522,WEIGAND,FREDERICK,DELTONA,FL,Family Practice,S,ALPRAZOLAM,ALPRAZOLAM,23,78,127.5,3795,658.3,,#,,#,,,
1003000522,WEIGAND,FREDERICK,DELTONA,FL,Family Practice,S,AMLODIPINE BESYLATE,AMLODIPINE BESYLATE,46,200,442,13260,1637.84,,#,182,,392,11760,1549
1003000522,WEIGAND,FREDERICK,DELTONA,FL,Family Practice,S,AMOXICILLIN-CLAVULANATE POTASS,AMOXICILLIN/POTASSIUM CLAV,17,19,19,192,227.91,,#,,#,,,
1003000522,WEIGAND,FREDERICK,DELTONA,FL,Family Practice,S,ATENOLOL,ATENOLOL,22,95,227,6810,714.91,,#,,#,,,
1003000522,WEIGAND,FREDERICK,DELTONA,FL,Family Practice,S,ATENOLOL-CHLORTHALIDONE,ATENOLOL/CHLORTHALIDONE,,14,42,1260,470.2,,*,14,,42,1260,470.2
1003000522,WEIGAND,FREDERICK,DELTONA,FL,Family Practice,S,ATORVASTATIN CALCIUM,ATORVASTATIN CALCIUM,105,343,876,26280,7317.64,,#,303,,774,23220,6735.08
1003000522,WEIGAND,FREDERICK,DELTONA,FL,Family Practice,S,AZITHROMYCIN,AZITHROMYCIN,23,29,36.2,461,618.22,,#,,#,,,
1003000522,WEIGAND,FREDERICK,DELTONA,FL,Family Practice,S,BUMETANIDE,BUMETANIDE,,11,30,900,609.84,,*,11,,30,900,609.84
1003000522,WEIGAND,FREDERICK,DELTONA,FL,Family Practice,S,CARTIA XT,DILTIAZEM HCL,,17,25,750,674.86,,*,17,,25,750,674.86
1003000522,WEIGAND,FREDERICK,DELTONA,FL,Family Practice,S,CARVEDILOL,CARVEDILOL,,32,60,1800,323.36,,*,32,,60,1800,323.36
1003000522,WEIGAND,FREDERICK,DELTONA,FL,Family Practice,S,CELECOXIB,CELECOXIB,,21,24.5,735,1377.79,,*,21,,24.5,735,1377.79
1003000522,WEIGAND,FREDERICK,DELTONA,FL,Family Practice,S,CEPHALEXIN,CEPHALEXIN,11,11,11,97,74.31,,*,,*,,,
1003000522,WEIGAND,FREDERICK,DELTONA,FL,Family Practice,S,CHLORTHALIDONE,CHLORTHALIDONE,,28,76,2276,1403.27,,*,28,,76,2276,1403.27
1003000522,WEIGAND,FREDERICK,DELTONA,FL,Family Practice,S,CILOSTAZOL,CILOSTAZOL,,14,42,1260,488.56,,#,,#,,,
1003000522,WEIGAND,FREDERICK,DELTONA,FL,Family Practice,S,CIMETIDINE,CIMETIDINE,,11,11,330,389.79,0,,0,,0,0,0
1003000522,WEIGAND,FREDERICK,DELTONA,FL,Family Practice,S,CIPROFLOXACIN HCL,CIPROFLOXACIN HCL,15,17,17,138,115.44,15,,17,,17,138,115.44
1003000522,WEIGAND,FREDERICK,DELTONA,FL,Family Practice,S,CITALOPRAM HBR,CITALOPRAM HYDROBROMIDE,,22,56,1680,340.72,,#,,#,,,
1003000522,WEIGAND,FREDERICK,DELTONA,FL,Family Practice,S,CLONAZEPAM,CLONAZEPAM,,24,43,1290,406.22,,#,,#,,,
1003000522,WEIGAND,FREDERICK,DELTONA,FL,Family Practice,S,CLOPIDOGREL,CLOPIDOGREL BISULFATE,11,28,74,2220,656.44,11,,28,,74,2220,656.44
1003000522,WEIGAND,FREDERICK,DELTONA,FL,Family Practice,S,CRESTOR,ROSUVASTATIN CALCIUM,12,36,56,1680,13581.24,,#,,#,,,
1003000522,WEIGAND,FREDERICK,DELTONA,FL,Family Practice,S,DICLOFENAC SODIUM,DICLOFENAC SODIUM,,11,11,310,2764.84,,*,11,,11,310,2764.84
1003000522,WEIGAND,FREDERICK,DELTONA,FL,Family Practice,S,DIGOXIN,DIGOXIN,,22,38,1140,1091.27,,*,22,,38,1140,1091.27
1003000522,WEIGAND,FREDERICK,DELTONA,FL,Family Practice,S,DILTIAZEM 24HR ER,DILTIAZEM HCL,,12,22,660,398.1,,*,12,,22,660,398.1
1003000522,WEIGAND,FREDERICK,DELTONA,FL,Family Practice,S,DONEPEZIL HCL,DONEPEZIL HCL,,11,23,690,288.32,,*,11,,23,690,288.32
1003000522,WEIGAND,FREDERICK,DELTONA,FL,Family Practice,S,DOXAZOSIN MESYLATE,DOXAZOSIN MESYLATE,,23,47,1410,655.64,,*,12,,36,1080,533.02
1003000522,WEIGAND,FREDERICK,DELTONA,FL,Family Practice,S,ENALAPRIL MALEATE,ENALAPRIL MALEATE,,16,44,1320,790.15,,#,,#,,,
1003000522,WEIGAND,FREDERICK,DELTONA,FL,Family Practice,S,ENALAPRIL-HYDROCHLOROTHIAZIDE,ENALAPRIL/HYDROCHLOROTHIAZIDE,,13,13,390,84.5,,*,13,,13,390,84.5
1003000522,WEIGAND,FREDERICK,DELTONA,FL,Family Practice,S,ESCITALOPRAM OXALATE,ESCITALOPRAM OXALATE,,20,42,1260,302.73,,#,,#,,,
1003000522,WEIGAND,FREDERICK,DELTONA,FL,Family Practice,S,ESOMEPRAZOLE MAGNESIUM,ESOMEPRAZOLE MAGNESIUM,,12,35,1050,3774.03,,*,12,,35,1050,3774.03
1003000522,WEIGAND,FREDERICK,DELTONA,FL,Family Practice,S,FENOFIBRATE,FENOFIBRATE,,20,44,1320,1013.28,,#,,#,,,
1003000522,WEIGAND,FREDERICK,DELTONA,FL,Family Practice,S,FENOFIBRATE,FENOFIBRATE NANOCRYSTALLIZED,,11,13,390,271.04,,*,11,,13,390,271.04
1003000522,WEIGAND,FREDERICK,DELTONA,FL,Family Practice,S,FINASTERIDE,FINASTERIDE,,28,70,2100,553.07,,*,28,,70,2100,553.07
1003000522,WEIGAND,FREDERICK,DELTONA,FL,Family Practice,S,FLUTICASONE PROPIONATE,FLUTICASONE PROPIONATE,,28,45,1350,343.44,,*,28,,45,1350,343.44
1003000522,WEIGAND,FREDERICK,DELTONA,FL,Family Practice,S,FUROSEMIDE,FUROSEMIDE,25,65,143,4275,334.32,25,,65,,143,4275,334.32
1003000522,WEIGAND,FREDERICK,DELTONA,FL,Family Practice,S,GABAPENTIN,GABAPENTIN,18,39,99.8,2975,819.82,,#,,#,,,
1003000522,WEIGAND,FREDERICK,DELTONA,FL,Family Practice,S,GEMFIBROZIL,GEMFIBROZIL,,29,71,2130,562.47,,#,,#,,,
1003000522,WEIGAND,FREDERICK,DELTONA,FL,Family Practice,S,GLIMEPIRIDE,GLIMEPIRIDE,18,66,158,4740,1118.24,18,,66,,158,4740,1118.24
1003000522,WEIGAND,FREDERICK,DELTONA,FL,Family Practice,S,GLIPIZIDE ER,GLIPIZIDE,20,64,154,4620,1386.46,,#,,#,,,
1003000522,WEIGAND,FREDERICK,DELTONA,FL,Family Practice,S,GLIPIZIDE XL,GLIPIZIDE,,11,25.5,765,404.17,,*,,*,,,
1003000522,WEIGAND,FREDERICK,DELTONA,FL,Family Practice,S,HUMALOG,INSULIN LISPRO,,11,11,318,8271.27,,*,11,,11,318,8271.27
1003000522,WEIGAND,FREDERICK,DELTONA,FL,Family Practice,S,HYDROCHLOROTHIAZIDE,HYDROCHLOROTHIAZIDE,,39,101,3014,286.47,,#,,#,,,
1003000522,WEIGAND,FREDERICK,DELTONA,FL,Family Practice,S,HYDROCODONE-ACETAMINOPHEN,HYDROCODONE/ACETAMINOPHEN,32,91,94,1717,2796.61,,#,,#,,,
1003000522,WEIGAND,FREDERICK,DELTONA,FL,Family Practice,S,IBUPROFEN,IBUPROFEN,,30,30,900,301.63,,*,,*,,,
1003000522,WEIGAND,FREDERICK,DELTONA,FL,Family Practice,S,INDAPAMIDE,INDAPAMIDE,,12,36,1080,176.78,,*,12,,36,1080,176.78
1003000522,WEIGAND,FREDERICK,DELTONA,FL,Family Practice,S,ISOSORBIDE MONONITRATE ER,ISOSORBIDE MONONITRATE,,45,84,2480,641.18,,*,45,,84,2480,641.18
1003000522,WEIGAND,FREDERICK,DELTONA,FL,Family Practice,S,JANUVIA,SITAGLIPTIN PHOSPHATE,,13,13,390,4730.43,,*,13,,13,390,4730.43
1003000522,WEIGAND,FREDERICK,DELTONA,FL,Family Practice,S,LABETALOL HCL,LABETALOL HCL,,16,24,720,478.24,,*,16,,24,720,478.24
1003000522,WEIGAND,FREDERICK,DELTONA,FL,Family Practice,S,LANTUS SOLOSTAR,INSULIN GLARGINE,HUM.REC.ANLOG,,18,34.5,1030,15089.41,,*,18,,34.5,1030,15089.41
1003000522,WEIGAND,FREDERICK,DELTONA,FL,Family Practice,S,LEVETIRACETAM,LEVETIRACETAM,,15,28,810,359.08,,*,,*,,,
1003000522,WEIGAND,FREDERICK,DELTONA,FL,Family Practice,S,LEVOTHYROXINE SODIUM,LEVOTHYROXINE SODIUM,63,253,607.2,18217,6761,,#,237,,563.2,16897,6339.33
1003000522,WEIGAND,FREDERICK,DELTONA,FL,Family Practice,S,LISINOPRIL,LISINOPRIL,45,159,386,11580,1124.5,,#,143,,346,10380,1091.79
1003000522,WEIGAND,FREDERICK,DELTONA,FL,Family Practice,S,LISINOPRIL-HYDROCHLOROTHIAZIDE,LISINOPRIL/HYDROCHLOROTHIAZIDE,54,190,507.8,15234,1889.65,,#,174,,463.8,13914,1777.95
1003000522,WEIGAND,FREDERICK,DELTONA,FL,Family Practice,S,LORAZEPAM,LORAZEPAM,24,90,124,3371,435.79,24,,90,,124,3371,435.79
1003000522,WEIGAND,FREDERICK,DELTONA,FL,Family Practice,S,LOSARTAN POTASSIUM,LOSARTAN POTASSIUM,15,48,114,3420,506.18,15,,48,,114,3420,506.18
1003000522,WEIGAND,FREDERICK,DELTONA,FL,Family Practice,S,LOSARTAN-HYDROCHLOROTHIAZIDE,LOSARTAN/HYDROCHLOROTHIAZIDE,12,43,99,2970,396.04,12,,43,,99,2970,396.04
1003000522,WEIGAND,FREDERICK,DELTONA,FL,Family Practice,S,LOVASTATIN,LOVASTATIN,15,50,134,4020,636.98,,#,,#,,,
1003000522,WEIGAND,FREDERICK,DELTONA,FL,Family Practice,S,MELOXICAM,MELOXICAM,,24,68,2040,306.51,,*,24,,68,2040,306.51
1003000522,WEIGAND,FREDERICK,DELTONA,FL,Family Practice,S,METFORMIN HCL,METFORMIN HCL,61,252,556.3,16689,1572.6,,#,228,,512.3,15369,1544.33
1003000522,WEIGAND,FREDERICK,DELTONA,FL,Family Practice,S,METHYLPREDNISOLONE,METHYLPREDNISOLONE,22,23,23,138,386.97,,#,,#,,,
1003000522,WEIGAND,FREDERICK,DELTONA,FL,Family Practice,S,METOPROLOL SUCCINATE,METOPROLOL SUCCINATE,20,59,145,4350,2249,20,,59,,145,4350,2249
1003000522,WEIGAND,FREDERICK,DELTONA,FL,Family Practice,S,METOPROLOL TARTRATE,METOPROLOL TARTRATE,22,65,166.5,4920,532.65,22,,65,,166.5,4920,532.65
1003000522,WEIGAND,FREDERICK,DELTONA,FL,Family Practice,S,MIRTAZAPINE,MIRTAZAPINE,,20,34,1020,279.49,,*,20,,34,1020,279.49
1003000522,WEIGAND,FREDERICK,DELTONA,FL,Family Practice,S,NAPROXEN,NAPROXEN,,18,50.5,1500,367.08,,#,,#,,,
1003000522,WEIGAND,FREDERICK,DELTONA,FL,Family Practice,S,NEXIUM,ESOMEPRAZOLE MAGNESIUM,,19,45,1350,14276.07,,#,,#,,,
1003000522,WEIGAND,FREDERICK,DELTONA,FL,Family Practice,S,OMEPRAZOLE,OMEPRAZOLE,34,109,256.5,7695,2217.76,,#,95,,220.5,6615,2013.43
1003000522,WEIGAND,FREDERICK,DELTONA,FL,Family Practice,S,OXYBUTYNIN CHLORIDE,OXYBUTYNIN CHLORIDE,,12,14.5,435,253.43,,*,12,,14.5,435,253.43
1003000522,WEIGAND,FREDERICK,DELTONA,FL,Family Practice,S,OXYCODONE-ACETAMINOPHEN,OXYCODONE HCL/ACETAMINOPHEN,,28,30,607,1331.03,,#,,#,,,
1003000522,WEIGAND,FREDERICK,DELTONA,FL,Family Practice,S,PANTOPRAZOLE SODIUM,PANTOPRAZOLE SODIUM,17,51,137,4110,989.59,,#,,#,,,
1003000522,WEIGAND,FREDERICK,DELTONA,FL,Family Practice,S,PAROXETINE HCL,PAROXETINE HCL,,28,36,1080,236.86,,*,14,,18,540,86.36
1003000522,WEIGAND,FREDERICK,DELTONA,FL,Family Practice,S,PIOGLITAZONE HCL,PIOGLITAZONE HCL,,15,45,1350,348.07,,*,15,,45,1350,348.07
1003000522,WEIGAND,FREDERICK,DELTONA,FL,Family Practice,S,POTASSIUM CHLORIDE,POTASSIUM CHLORIDE,31,85,195.5,5865,3819.08,31,,85,,195.5,5865,3819.08
1003000522,WEIGAND,FREDERICK,DELTONA,FL,Family Practice,S,PRAVASTATIN SODIUM,PRAVASTATIN SODIUM,17,62,156,4680,2469.93,17,,62,,156,4680,2469.93
1003000522,WEIGAND,FREDERICK,DELTONA,FL,Family Practice,S,PREDNISONE,PREDNISONE,25,34,46,798,279.95,,#,,#,,,
1003000522,WEIGAND,FREDERICK,DELTONA,FL,Family Practice,S,PROAIR HFA,ALBUTEROL SULFATE,,11,11.2,280,757.37,,*,,*,,,
1003000522,WEIGAND,FREDERICK,DELTONA,FL,Family Practice,S,PROMETHAZINE HCL,PROMETHAZINE HCL,,21,23,295,463.56,,#,,#,,,
1003000522,WEIGAND,FREDERICK,DELTONA,FL,Family Practice,S,PROPRANOLOL HCL,PROPRANOLOL HCL,,11,33,990,737.56,,*,11,,33,990,737.56
1003000522,WEIGAND,FREDERICK,DELTONA,FL,Family Practice,S,QUETIAPINE FUMARATE,QUETIAPINE FUMARATE,,13,16,480,117.55,,*,13,,16,480,117.55
1003000522,WEIGAND,FREDERICK,DELTONA,FL,Family Practice,S,RANITIDINE HCL,RANITIDINE HCL,11,44,96,2880,717.98,,#,,#,,,
1003000522,WEIGAND,FREDERICK,DELTONA,FL,Family Practice,S,ROPINIROLE HCL,ROPINIROLE HCL,,26,36,1080,438.39,,*,26,,36,1080,438.39
1003000522,WEIGAND,FREDERICK,DELTONA,FL,Family Practice,S,ROSUVASTATIN CALCIUM,ROSUVASTATIN CALCIUM,,27,55,1650,4633.93,,#,,#,,,
1003000522,WEIGAND,FREDERICK,DELTONA,FL,Family Practice,S,SERTRALINE HCL,SERTRALINE HCL,13,48,108,3240,467.44,,#,,#,,,
1003000522,WEIGAND,FREDERICK,DELTONA,FL,Family Practice,S,SIMVASTATIN,SIMVASTATIN,57,203,513,15390,2570.33,,#,189,,493,14790,2530.33
1003000522,WEIGAND,FREDERICK,DELTONA,FL,Family Practice,S,SPIRONOLACTONE-HCTZ,SPIRONOLACT/HYDROCHLOROTHIAZID,,14,38,1140,850.7,,*,,*,,,
1003000522,WEIGAND,FREDERICK,DELTONA,FL,Family Practice,S,SYNTHROID,LEVOTHYROXINE SODIUM,13,46,116,3480,2190.84,,#,,#,,,
1003000522,WEIGAND,FREDERICK,DELTONA,FL,Family Practice,S,TAMSULOSIN HCL,TAMSULOSIN HCL,14,51,116,3480,1521.78,14,,51,,116,3480,1521.78
1003000522,WEIGAND,FREDERICK,DELTONA,FL,Family Practice,S,TEMAZEPAM,TEMAZEPAM,16,66,126,3780,1280.88,,#,,#,,,
1003000522,WEIGAND,FREDERICK,DELTONA,FL,Family Practice,S,TOLTERODINE TARTRATE,TOLTERODINE TARTRATE,,11,21,585,1849.67,,*,11,,21,585,1849.67
1003000522,WEIGAND,FREDERICK,DELTONA,FL,Family Practice,S,TRAMADOL HCL,TRAMADOL HCL,13,45,50.1,1033,393.21,,#,33,,38.1,853,371.93
1003000522,WEIGAND,FREDERICK,DELTONA,FL,Family Practice,S,TRAZODONE HCL,TRAZODONE HCL,,18,24,670,82.09,,*,18,,24,670,82.09
1003000522,WEIGAND,FREDERICK,DELTONA,FL,Family Practice,S,TRIAMCINOLONE ACETONIDE,TRIAMCINOLONE ACETONIDE,17,34,36,746,256.15,,#,,#,,,
1003000522,WEIGAND,FREDERICK,DELTONA,FL,Family Practice,S,TRIAMTERENE-HYDROCHLOROTHIAZID,TRIAMTERENE/HYDROCHLOROTHIAZID,16,47,135,4050,685.34,16,,47,,135,4050,685.34
1003000522,WEIGAND,FREDERICK,DELTONA,FL,Family Practice,S,VALACYCLOVIR,VALACYCLOVIR HCL,,16,18.5,525,447.51,,*,16,,18.5,525,447.51
1003000522,WEIGAND,FREDERICK,DELTONA,FL,Family Practice,S,VALSARTAN-HYDROCHLOROTHIAZIDE,VALSARTAN/HYDROCHLOROTHIAZIDE,,27,49,1470,982.13,,*,27,,49,1470,982.13
1003000522,WEIGAND,FREDERICK,DELTONA,FL,Family Practice,S,VENTOLIN HFA,ALBUTEROL SULFATE,,15,18.5,444,1382.74,,*,,*,,,
1003000522,WEIGAND,FREDERICK,DELTONA,FL,Family Practice,S,VERAPAMIL ER,VERAPAMIL HCL,,19,57,1710,850.16,,*,19,,57,1710,850.16
1003000522,WEIGAND,FREDERICK,DELTONA,FL,Family Practice,S,VYTORIN,EZETIMIBE/SIMVASTATIN,12,45,120,3600,29557.46,,#,,#,,,
1003000522,WEIGAND,FREDERICK,DELTONA,FL,Family Practice,S,WARFARIN SODIUM,WARFARIN SODIUM,,40,66,1980,338.93,,#,,#,,,
1003000522,WEIGAND,FREDERICK,DELTONA,FL,Family Practice,S,ZETIA,EZETIMIBE,,24,52,1560,13937.7,,*,24,,52,1560,13937.7
1003000522,WEIGAND,FREDERICK,DELTONA,FL,Family Practice,S,ZOLPIDEM TARTRATE,ZOLPIDEM TARTRATE,13,42,66.8,1963,687.43,,#,,#,,,
1003000530,SEMONCHE,AMANDA,QUAKERTOWN,PA,Internal Medicine,S,ACETAMINOPHEN-CODEINE,ACETAMINOPHEN WITH CODEINE,,13,14.3,399,135,,*,13,,14.3,399,135
1003000530,SEMONCHE,AMANDA,QUAKERTOWN,PA,Internal Medicine,S,ADVAIR DISKUS,FLUTICASONE/SALMETEROL,15,48,70,2100,22555.93,,#,,#,,,
1003000530,SEMONCHE,AMANDA,QUAKERTOWN,PA,Internal Medicine,S,ALENDRONATE SODIUM,ALENDRONATE SODIUM,18,98,127.1,3673,677.87,,#,84,,111.3,3225,638.06
1003000530,SEMONCHE,AMANDA,QUAKERTOWN,PA,Internal Medicine,S,ALLOPURINOL,ALLOPURINOL,,37,79,2370,880.23,,*,37,,79,2370,880.23
1003000530,SEMONCHE,AMANDA,QUAKERTOWN,PA,Internal Medicine,S,ALPRAZOLAM,ALPRAZOLAM,21,122,136.7,4001,503.27,,#,98,,112.7,3281,441.15
1003000530,SEMONCHE,AMANDA,QUAKERTOWN,PA,Internal Medicine,S,AMITRIPTYLINE HCL,AMITRIPTYLINE HCL,,15,21,630,222.4,,*,15,,21,630,222.4
1003000530,SEMONCHE,AMANDA,QUAKERTOWN,PA,Internal Medicine,S,AMLODIPINE BESYLATE,AMLODIPINE BESYLATE,47,282,476,14248,2038.67,,#,266,,452,13528,1996.92
1003000530,SEMONCHE,AMANDA,QUAKERTOWN,PA,Internal Medicine,S,AMLODIPINE BESYLATE-BENAZEPRIL,AMLODIPINE BESYLATE/BENAZEPRIL,,25,33,990,516.87,,*,25,,33,990,516.87
1003000530,SEMONCHE,AMANDA,QUAKERTOWN,PA,Internal Medicine,S,AMOXICILLIN-CLAVULANATE POTASS,AMOXICILLIN/POTASSIUM CLAV,17,18,18,130,214.14,,#,,#,,,
1003000530,SEMONCHE,AMANDA,QUAKERTOWN,PA,Internal Medicine,S,ARIPIPRAZOLE,ARIPIPRAZOLE,,15,25,750,4767.89,,*,,*,,,
1003000530,SEMONCHE,AMANDA,QUAKERTOWN,PA,Internal Medicine,S,ATENOLOL,ATENOLOL,,44,86,2580,336,,*,44,,86,2580,336
1003000530,SEMONCHE,AMANDA,QUAKERTOWN,PA,Internal Medicine,S,ATORVASTATIN CALCIUM,ATORVASTATIN CALCIUM,46,193,374.3,11230,3207.86,,#,156,,329.3,9880,2582.62
1003000530,SEMONCHE,AMANDA,QUAKERTOWN,PA,Internal Medicine,S,ATROVENT HFA,IPRATROPIUM BROMIDE,,11,11,294,3374.47,,*,,*,,,
1003000530,SEMONCHE,AMANDA,QUAKERTOWN,PA,Internal Medicine,S,AZITHROMYCIN,AZITHROMYCIN,,16,16.1,281,215.8,,#,,#,,,
1003000530,SEMONCHE,AMANDA,QUAKERTOWN,PA,Internal Medicine,S,BD ULTRA-FINE PEN NEEDLE,PEN NEEDLE, DIABETIC,,22,24,523,892.01,,*,,*,,,
1003000530,SEMONCHE,AMANDA,QUAKERTOWN,PA,Internal Medicine,S,BENAZEPRIL HCL,BENAZEPRIL HCL,,25,42,1260,408.82,,*,25,,42,1260,408.82
1003000530,SEMONCHE,AMANDA,QUAKERTOWN,PA,Internal Medicine,S,BENICAR,OLMESARTAN MEDOXOMIL,,13,16,480,3002.03,,*,13,,16,480,3002.03
1003000530,SEMONCHE,AMANDA,QUAKERTOWN,PA,Internal Medicine,S,BUPROPION XL,BUPROPION HCL,13,69,123,3690,2682.63,,*,43,,87,2610,2050.04
1003000530,SEMONCHE,AMANDA,QUAKERTOWN,PA,Internal Medicine,S,BUSPIRONE HCL,BUSPIRONE HCL,,23,39,1170,653.48,,#,,#,,,
1003000530,SEMONCHE,AMANDA,QUAKERTOWN,PA,Internal Medicine,S,CALCITONIN-SALMON,CALCITONIN,SALMON,SYNTHETIC,,12,12,248,685.67,,*,12,,12,248,685.67
1003000530,SEMONCHE,AMANDA,QUAKERTOWN,PA,Internal Medicine,S,CALCITRIOL,CALCITRIOL,,14,18.2,546,249.93,,*,,*,,,
1003000530,SEMONCHE,AMANDA,QUAKERTOWN,PA,Internal Medicine,S,CAPTOPRIL,CAPTOPRIL,,19,53,1590,4150.24,,*,19,,53,1590,4150.24
1003000530,SEMONCHE,AMANDA,QUAKERTOWN,PA,Internal Medicine,S,CARAFATE,SUCRALFATE,,13,13.2,376,5920.84,0,,0,,0,0,0
1003000530,SEMONCHE,AMANDA,QUAKERTOWN,PA,Internal Medicine,S,CARBAMAZEPINE,CARBAMAZEPINE,,28,36.5,1092,2557.04,,*,,*,,,
1003000530,SEMONCHE,AMANDA,QUAKERTOWN,PA,Internal Medicine,S,CARISOPRODOL,CARISOPRODOL,,22,22,660,135.61,0,,0,,0,0,0
1003000530,SEMONCHE,AMANDA,QUAKERTOWN,PA,Internal Medicine,S,CARVEDILOL,CARVEDILOL,,36,62.5,1875,304.28,,*,21,,39,1170,180.84
1003000530,SEMONCHE,AMANDA,QUAKERTOWN,PA,Internal Medicine,S,CEFUROXIME,CEFUROXIME AXETIL,11,11,11,80,320.98,,*,,*,,,
1003000530,SEMONCHE,AMANDA,QUAKERTOWN,PA,Internal Medicine,S,CHLORHEXIDINE GLUCONATE,CHLORHEXIDINE GLUCONATE,,23,23,526,143.85,0,,0,,0,0,0
1003000530,SEMONCHE,AMANDA,QUAKERTOWN,PA,Internal Medicine,S,CIPROFLOXACIN HCL,CIPROFLOXACIN HCL,19,22,22,154,143.09,,#,,#,,,
1003000530,SEMONCHE,AMANDA,QUAKERTOWN,PA,Internal Medicine,S,CITALOPRAM HBR,CITALOPRAM HYDROBROMIDE,12,70,96,2880,374.03,,*,50,,76,2280,289.61
1003000530,SEMONCHE,AMANDA,QUAKERTOWN,PA,Internal Medicine,S,CLONAZEPAM,CLONAZEPAM,,23,33,990,136.98,,*,23,,33,990,136.98
1003000530,SEMONCHE,AMANDA,QUAKERTOWN,PA,Internal Medicine,S,CLONIDINE HCL,CLONIDINE HCL,,19,27,810,68.57,,*,19,,27,810,68.57
1003000530,SEMONCHE,AMANDA,QUAKERTOWN,PA,Internal Medicine,S,CLOPIDOGREL,CLOPIDOGREL BISULFATE,,34,78,2340,416.15,,#,,#,,,
1003000530,SEMONCHE,AMANDA,QUAKERTOWN,PA,Internal Medicine,S,COMBIVENT RESPIMAT,IPRATROPIUM/ALBUTEROL SULFATE,,19,24,720,6010.26,,#,,#,,,
1003000530,SEMONCHE,AMANDA,QUAKERTOWN,PA,Internal Medicine,S,CRESTOR,ROSUVASTATIN CALCIUM,,15,27,810,6733.87,,#,,#,,,
1003000530,SEMONCHE,AMANDA,QUAKERTOWN,PA,Internal Medicine,S,CYCLOBENZAPRINE HCL,CYCLOBENZAPRINE HCL,,19,19,338,191.49,,*,,*,,,
1003000530,SEMONCHE,AMANDA,QUAKERTOWN,PA,Internal Medicine,S,DEXILANT,DEXLANSOPRAZOLE,,23,27,810,6521.48,,#,,#,,,
1003000530,SEMONCHE,AMANDA,QUAKERTOWN,PA,Internal Medicine,S,DIAZEPAM,DIAZEPAM,,16,17,329,49.78,,*,,*,,,
1003000530,SEMONCHE,AMANDA,QUAKERTOWN,PA,Internal Medicine,S,DIGOXIN,DIGOXIN,,12,36,1080,697.28,,*,,*,,,
1003000530,SEMONCHE,AMANDA,QUAKERTOWN,PA,Internal Medicine,S,DIVALPROEX SODIUM,DIVALPROEX SODIUM,,15,15.3,456,792.62,0,,0,,0,0,0
1003000530,SEMONCHE,AMANDA,QUAKERTOWN,PA,Internal Medicine,S,DONEPEZIL HCL,DONEPEZIL HCL,,65,65,1926,1980.34,,*,65,,65,1926,1980.34
1003000530,SEMONCHE,AMANDA,QUAKERTOWN,PA,Internal Medicine,S,DOXAZOSIN MESYLATE,DOXAZOSIN MESYLATE,,15,23,690,425.6,,*,15,,23,690,425.6
1003000530,SEMONCHE,AMANDA,QUAKERTOWN,PA,Internal Medicine,S,DOXYCYCLINE HYCLATE,DOXYCYCLINE HYCLATE,15,17,17,167,495.15,,#,,#,,,
1003000530,SEMONCHE,AMANDA,QUAKERTOWN,PA,Internal Medicine,S,DULOXETINE HCL,DULOXETINE HCL,,44,64,1920,2799.02,,*,29,,49,1470,1884.01
1003000530,SEMONCHE,AMANDA,QUAKERTOWN,PA,Internal Medicine,S,ELIQUIS,APIXABAN,,22,36,958,10251.28,,*,22,,36,958,10251.28
1003000530,SEMONCHE,AMANDA,QUAKERTOWN,PA,Internal Medicine,S,ENALAPRIL MALEATE,ENALAPRIL MALEATE,,22,38,1140,636.52,,#,,#,,,
1003000530,SEMONCHE,AMANDA,QUAKERTOWN,PA,Internal Medicine,S,ESCITALOPRAM OXALATE,ESCITALOPRAM OXALATE,,35,49,1470,617.29,,#,,#,,,
1003000530,SEMONCHE,AMANDA,QUAKERTOWN,PA,Internal Medicine,S,ESOMEPRAZOLE MAGNESIUM,ESOMEPRAZOLE MAGNESIUM,,12,36,1080,3388.33,,*,12,,36,1080,3388.33
1003000530,SEMONCHE,AMANDA,QUAKERTOWN,PA,Internal Medicine,S,FENOFIBRATE,FENOFIBRATE,,35,59,1770,1181.85,,#,,#,,,
1003000530,SEMONCHE,AMANDA,QUAKERTOWN,PA,Internal Medicine,S,FENOFIBRATE,FENOFIBRATE NANOCRYSTALLIZED,,24,42,1260,2325.72,,*,24,,42,1260,2325.72
1003000530,SEMONCHE,AMANDA,QUAKERTOWN,PA,Internal Medicine,S,FENTANYL,FENTANYL,,32,32,960,1744.91,,#,,#,,,
1003000530,SEMONCHE,AMANDA,QUAKERTOWN,PA,Internal Medicine,S,FINASTERIDE,FINASTERIDE,,16,24,720,205.25,,*,16,,24,720,205.25
1003000530,SEMONCHE,AMANDA,QUAKERTOWN,PA,Internal Medicine,S,FLUTICASONE PROPIONATE,FLUTICASONE PROPIONATE,40,94,124,3700,1184.11,,#,83,,113,3370,1074.96
1003000530,SEMONCHE,AMANDA,QUAKERTOWN,PA,Internal Medicine,S,FUROSEMIDE,FUROSEMIDE,18,112,153.5,4487,431.72,,#,97,,128.5,3737,338.2
1003000530,SEMONCHE,AMANDA,QUAKERTOWN,PA,Internal Medicine,S,GABAPENTIN,GABAPENTIN,28,102,165,4950,2745.41,,#,57,,94,2820,1232.02
1003000530,SEMONCHE,AMANDA,QUAKERTOWN,PA,Internal Medicine,S,GEMFIBROZIL,GEMFIBROZIL,,21,23.2,694,159.4,,#,,#,,,
1003000530,SEMONCHE,AMANDA,QUAKERTOWN,PA,Internal Medicine,S,GLIMEPIRIDE,GLIMEPIRIDE,,13,15.2,454,91.21,,*,,*,,,
1003000530,SEMONCHE,AMANDA,QUAKERTOWN,PA,Internal Medicine,S,GLIPIZIDE,GLIPIZIDE,,38,88.8,2663,358.32,,*,38,,88.8,2663,358.32
1003000530,SEMONCHE,AMANDA,QUAKERTOWN,PA,Internal Medicine,S,GLIPIZIDE ER,GLIPIZIDE,,16,22,660,207.16,,*,16,,22,660,207.16
1003000530,SEMONCHE,AMANDA,QUAKERTOWN,PA,Internal Medicine,S,GLYCOPYRROLATE,GLYCOPYRROLATE,,14,22.2,644,944.32,,*,,*,,,
1003000530,SEMONCHE,AMANDA,QUAKERTOWN,PA,Internal Medicine,S,HYDROCHLOROTHIAZIDE,HYDROCHLOROTHIAZIDE,53,274,494.8,14809,1391.95,,#,245,,455.8,13639,1316.64
1003000530,SEMONCHE,AMANDA,QUAKERTOWN,PA,Internal Medicine,S,HYDROCODONE-ACETAMINOPHEN,HYDROCODONE/ACETAMINOPHEN,16,74,74,1856,2835.23,,*,46,,46,1263,997.71
1003000530,SEMONCHE,AMANDA,QUAKERTOWN,PA,Internal Medicine,S,IBANDRONATE SODIUM,IBANDRONATE SODIUM,,17,17.2,510,871.76,,#,,#,,,
1003000530,SEMONCHE,AMANDA,QUAKERTOWN,PA,Internal Medicine,S,JANTOVEN,WARFARIN SODIUM,,12,36,1080,225.76,,*,,*,,,
1003000530,SEMONCHE,AMANDA,QUAKERTOWN,PA,Internal Medicine,S,JANUVIA,SITAGLIPTIN PHOSPHATE,,20,34,1020,12314.08,,*,20,,34,1020,12314.08
1003000530,SEMONCHE,AMANDA,QUAKERTOWN,PA,Internal Medicine,S,KLOR-CON 10,POTASSIUM CHLORIDE,,19,19,570,226.08,,*,19,,19,570,226.08
1003000530,SEMONCHE,AMANDA,QUAKERTOWN,PA,Internal Medicine,S,LABETALOL HCL,LABETALOL HCL,,14,20,600,195.46,,*,14,,20,600,195.46
1003000530,SEMONCHE,AMANDA,QUAKERTOWN,PA,Internal Medicine,S,LAMOTRIGINE,LAMOTRIGINE,,22,22.4,638,155.92,,*,,*,,,
1003000530,SEMONCHE,AMANDA,QUAKERTOWN,PA,Internal Medicine,S,LANTUS SOLOSTAR,INSULIN GLARGINE,HUM.REC.ANLOG,,14,29.8,893,6271.52,0,,0,,0,0,0
1003000530,SEMONCHE,AMANDA,QUAKERTOWN,PA,Internal Medicine,S,LEVOCETIRIZINE DIHYDROCHLORIDE,LEVOCETIRIZINE DIHYDROCHLORIDE,,13,13.2,396,192.78,,#,,#,,,
1003000530,SEMONCHE,AMANDA,QUAKERTOWN,PA,Internal Medicine,S,LEVOTHYROXINE SODIUM,LEVOTHYROXINE SODIUM,62,411,562,16638,6147.97,48,,282,,430.3,12763,4468.81
1003000530,SEMONCHE,AMANDA,QUAKERTOWN,PA,Internal Medicine,S,LISINOPRIL,LISINOPRIL,57,295,463.1,13874,1426.4,,#,251,,399.1,11954,1223.96
1003000530,SEMONCHE,AMANDA,QUAKERTOWN,PA,Internal Medicine,S,LISINOPRIL-HYDROCHLOROTHIAZIDE,LISINOPRIL/HYDROCHLOROTHIAZIDE,15,44,119,3570,453.38,,#,,#,,,
1003000530,SEMONCHE,AMANDA,QUAKERTOWN,PA,Internal Medicine,S,LOPERAMIDE,LOPERAMIDE HCL,11,12,12,113,149.47,,*,,*,,,
1003000530,SEMONCHE,AMANDA,QUAKERTOWN,PA,Internal Medicine,S,LORAZEPAM,LORAZEPAM,25,78,92.4,2468,434.42,,#,46,,56.4,1558,246.89
1003000530,SEMONCHE,AMANDA,QUAKERTOWN,PA,Internal Medicine,S,LOSARTAN POTASSIUM,LOSARTAN POTASSIUM,21,110,182.3,5467,767.77,,#,89,,145,4350,513.96
1003000530,SEMONCHE,AMANDA,QUAKERTOWN,PA,Internal Medicine,S,LOSARTAN-HYDROCHLOROTHIAZIDE,LOSARTAN/HYDROCHLOROTHIAZIDE,,21,61,1831,411.41,,#,,#,,,
1003000530,SEMONCHE,AMANDA,QUAKERTOWN,PA,Internal Medicine,S,LYRICA,PREGABALIN,,48,48,1425,22841.9,,*,11,,11,330,5874.55
1003000530,SEMONCHE,AMANDA,QUAKERTOWN,PA,Internal Medicine,S,MECLIZINE HCL,MECLIZINE HCL,,35,35,365,299.17,,#,,#,,,
1003000530,SEMONCHE,AMANDA,QUAKERTOWN,PA,Internal Medicine,S,MELOXICAM,MELOXICAM,13,64,88,2620,877.68,,#,53,,75,2230,632.68
1003000530,SEMONCHE,AMANDA,QUAKERTOWN,PA,Internal Medicine,S,MEMANTINE HCL,MEMANTINE HCL,,15,15.1,447,658.8,,*,,*,,,
1003000530,SEMONCHE,AMANDA,QUAKERTOWN,PA,Internal Medicine,S,METFORMIN HCL,METFORMIN HCL,36,173,297.2,8861,1234.66,,#,115,,219,6535,813.49
1003000530,SEMONCHE,AMANDA,QUAKERTOWN,PA,Internal Medicine,S,METFORMIN HCL ER,METFORMIN HCL,,12,12,360,41.67,,*,12,,12,360,41.67
1003000530,SEMONCHE,AMANDA,QUAKERTOWN,PA,Internal Medicine,S,METOPROLOL SUCCINATE,METOPROLOL SUCCINATE,16,86,162,4860,2876.12,,#,,#,,,
1003000530,SEMONCHE,AMANDA,QUAKERTOWN,PA,Internal Medicine,S,METOPROLOL TARTRATE,METOPROLOL TARTRATE,43,163,347,10410,1540.47,,#,147,,329,9870,1496.96
1003000530,SEMONCHE,AMANDA,QUAKERTOWN,PA,Internal Medicine,S,MIRTAZAPINE,MIRTAZAPINE,,19,27,810,429.9,,*,19,,27,810,429.9
1003000530,SEMONCHE,AMANDA,QUAKERTOWN,PA,Internal Medicine,S,MONTELUKAST SODIUM,MONTELUKAST SODIUM,,11,30.8,925,310.75,,*,,*,,,
1003000530,SEMONCHE,AMANDA,QUAKERTOWN,PA,Internal Medicine,S,MORPHINE SULFATE ER,MORPHINE SULFATE,,11,11,316,295.24,0,,0,,0,0,0
1003000530,SEMONCHE,AMANDA,QUAKERTOWN,PA,Internal Medicine,S,NAMENDA XR,MEMANTINE HCL,,14,14,396,5004.39,,*,14,,14,396,5004.39
1003000530,SEMONCHE,AMANDA,QUAKERTOWN,PA,Internal Medicine,S,NYSTATIN,NYSTATIN,,15,15,168,537.35,,*,,*,,,
1003000530,SEMONCHE,AMANDA,QUAKERTOWN,PA,Internal Medicine,S,OMEPRAZOLE,OMEPRAZOLE,37,216,334.2,10001,2625.45,,#,199,,307.1,9189,2469.87
1003000530,SEMONCHE,AMANDA,QUAKERTOWN,PA,Internal Medicine,S,ONGLYZA,SAXAGLIPTIN HCL,,14,14,420,5056.21,,*,14,,14,420,5056.21
1003000530,SEMONCHE,AMANDA,QUAKERTOWN,PA,Internal Medicine,S,OXYCODONE HCL,OXYCODONE HCL,,22,22,637,1094.57,,*,,*,,,
1003000530,SEMONCHE,AMANDA,QUAKERTOWN,PA,Internal Medicine,S,OXYCODONE HCL ER,OXYCODONE HCL,,11,12,360,4817.37,0,,0,,0,0,0
1003000530,SEMONCHE,AMANDA,QUAKERTOWN,PA,Internal Medicine,S,OXYCODONE-ACETAMINOPHEN,OXYCODONE HCL/ACETAMINOPHEN,,13,13,324,287.48,,#,,#,,,
1003000530,SEMONCHE,AMANDA,QUAKERTOWN,PA,Internal Medicine,S,PANTOPRAZOLE SODIUM,PANTOPRAZOLE SODIUM,26,151,177.1,5266,1466.87,,#,106,,128.1,3796,1156.72
1003000530,SEMONCHE,AMANDA,QUAKERTOWN,PA,Internal Medicine,S,PAROXETINE HCL,PAROXETINE HCL,,33,37.1,1114,205.13,,*,17,,17,510,66.61
1003000530,SEMONCHE,AMANDA,QUAKERTOWN,PA,Internal Medicine,S,PHENYTOIN SODIUM EXTENDED,PHENYTOIN SODIUM EXTENDED,,12,12,360,326.26,,*,12,,12,360,326.26
1003000530,SEMONCHE,AMANDA,QUAKERTOWN,PA,Internal Medicine,S,PIOGLITAZONE HCL,PIOGLITAZONE HCL,,12,12,360,92.66,,*,12,,12,360,92.66
1003000530,SEMONCHE,AMANDA,QUAKERTOWN,PA,Internal Medicine,S,POLYETHYLENE GLYCOL 3350,POLYETHYLENE GLYCOL 3350,,18,18,525,294.33,,#,,#,,,
1003000530,SEMONCHE,AMANDA,QUAKERTOWN,PA,Internal Medicine,S,POTASSIUM CHLORIDE,POTASSIUM CHLORIDE,15,57,107,3210,1737.59,,#,,#,,,
1003000530,SEMONCHE,AMANDA,QUAKERTOWN,PA,Internal Medicine,S,PRAVASTATIN SODIUM,PRAVASTATIN SODIUM,29,154,260.2,7736,3285.36,,#,121,,213,6322,2587.7
1003000530,SEMONCHE,AMANDA,QUAKERTOWN,PA,Internal Medicine,S,PREDNISONE,PREDNISONE,15,18,18,183,111.29,,#,,#,,,
1003000530,SEMONCHE,AMANDA,QUAKERTOWN,PA,Internal Medicine,S,PROAIR HFA,ALBUTEROL SULFATE,15,32,36.1,828,2269.42,,*,19,,23.1,565,1564.11
1003000530,SEMONCHE,AMANDA,QUAKERTOWN,PA,Internal Medicine,S,QUETIAPINE FUMARATE,QUETIAPINE FUMARATE,,57,65.2,1900,1735.89,,*,43,,51,1476,1498.62
1003000530,SEMONCHE,AMANDA,QUAKERTOWN,PA,Internal Medicine,S,RANITIDINE HCL,RANITIDINE HCL,,19,31.2,937,234.9,,*,,*,,,
1003000530,SEMONCHE,AMANDA,QUAKERTOWN,PA,Internal Medicine,S,ROPINIROLE HCL,ROPINIROLE HCL,,16,16,473,118.01,,*,,*,,,
1003000530,SEMONCHE,AMANDA,QUAKERTOWN,PA,Internal Medicine,S,ROSUVASTATIN CALCIUM,ROSUVASTATIN CALCIUM,,21,33,990,3138.6,,#,,#,,,
1003000530,SEMONCHE,AMANDA,QUAKERTOWN,PA,Internal Medicine,S,SERTRALINE HCL,SERTRALINE HCL,39,218,314,9356,1939.35,,#,195,,281,8366,1687.76
1003000530,SEMONCHE,AMANDA,QUAKERTOWN,PA,Internal Medicine,S,SIMVASTATIN,SIMVASTATIN,61,325,585.3,17529,3353.18,,#,286,,516,15452,3052.62
1003000530,SEMONCHE,AMANDA,QUAKERTOWN,PA,Internal Medicine,S,SPIRIVA,TIOTROPIUM BROMIDE,,50,60,1800,20159.06,,*,50,,60,1800,20159.06
1003000530,SEMONCHE,AMANDA,QUAKERTOWN,PA,Internal Medicine,S,SPIRONOLACTONE,SPIRONOLACTONE,,23,33,990,117.08,,*,23,,33,990,117.08
1003000530,SEMONCHE,AMANDA,QUAKERTOWN,PA,Internal Medicine,S,SUMATRIPTAN SUCCINATE,SUMATRIPTAN SUCCINATE,,14,16,480,488.87,,*,,*,,,
1003000530,SEMONCHE,AMANDA,QUAKERTOWN,PA,Internal Medicine,S,SYMBICORT,BUDESONIDE/FORMOTEROL FUMARATE,,14,16,480,4304.02,,*,14,,16,480,4304.02
1003000530,SEMONCHE,AMANDA,QUAKERTOWN,PA,Internal Medicine,S,SYNTHROID,LEVOTHYROXINE SODIUM,,17,51,1530,810.38,,*,17,,51,1530,810.38
1003000530,SEMONCHE,AMANDA,QUAKERTOWN,PA,Internal Medicine,S,TAMSULOSIN HCL,TAMSULOSIN HCL,,52,88,2640,1230.14,,*,41,,77,2310,1047.11
1003000530,SEMONCHE,AMANDA,QUAKERTOWN,PA,Internal Medicine,S,TOPROL XL,METOPROLOL SUCCINATE,,13,39,1170,1072.77,,*,13,,39,1170,1072.77
1003000530,SEMONCHE,AMANDA,QUAKERTOWN,PA,Internal Medicine,S,TORSEMIDE,TORSEMIDE,,23,37,1110,457.32,,*,23,,37,1110,457.32
1003000530,SEMONCHE,AMANDA,QUAKERTOWN,PA,Internal Medicine,S,TRAMADOL HCL,TRAMADOL HCL,22,67,77.2,1919,487.65,,#,48,,57,1406,293.05
1003000530,SEMONCHE,AMANDA,QUAKERTOWN,PA,Internal Medicine,S,TRAMADOL HCL-ACETAMINOPHEN,TRAMADOL HCL/ACETAMINOPHEN,,13,13,123,255.07,,*,13,,13,123,255.07
1003000530,SEMONCHE,AMANDA,QUAKERTOWN,PA,Internal Medicine,S,TRAZODONE HCL,TRAZODONE HCL,,29,49,1454,188.47,,#,,#,,,
1003000530,SEMONCHE,AMANDA,QUAKERTOWN,PA,Internal Medicine,S,TRIAMTERENE-HYDROCHLOROTHIAZID,TRIAMTERENE/HYDROCHLOROTHIAZID,,12,12,360,119.01,,*,12,,12,360,119.01
1003000530,SEMONCHE,AMANDA,QUAKERTOWN,PA,Internal Medicine,S,VALACYCLOVIR,VALACYCLOVIR HCL,,11,11,224,335.26,,*,,*,,,
1003000530,SEMONCHE,AMANDA,QUAKERTOWN,PA,Internal Medicine,S,VALSARTAN,VALSARTAN,15,56,110,3284,3340.45,,#,,#,,,
1003000530,SEMONCHE,AMANDA,QUAKERTOWN,PA,Internal Medicine,S,VALSARTAN-HYDROCHLOROTHIAZIDE,VALSARTAN/HYDROCHLOROTHIAZIDE,11,59,91.2,2731,1734.4,,*,41,,67,2010,1175.3
1003000530,SEMONCHE,AMANDA,QUAKERTOWN,PA,Internal Medicine,S,VENLAFAXINE HCL ER,VENLAFAXINE HCL,,32,36.1,1054,4186.11,,*,,*,,,
1003000530,SEMONCHE,AMANDA,QUAKERTOWN,PA,Internal Medicine,S,VENTOLIN HFA,ALBUTEROL SULFATE,,20,24,564,1500.29,,#,,#,,,
1003000530,SEMONCHE,AMANDA,QUAKERTOWN,PA,Internal Medicine,S,WARFARIN SODIUM,WARFARIN SODIUM,,47,81,2428,730.17,,#,,#,,,
1003000530,SEMONCHE,AMANDA,QUAKERTOWN,PA,Internal Medicine,S,XARELTO,RIVAROXABAN,,15,17,500,5959.63,,#,,#,,,
1003000530,SEMONCHE,AMANDA,QUAKERTOWN,PA,Internal Medicine,S,ZOLPIDEM TARTRATE,ZOLPIDEM TARTRATE,12,39,59,1770,529.97,,#,,#,,,
1003000597,KIM,DAE,TULSA,OK,Urology,S,CIPROFLOXACIN HCL,CIPROFLOXACIN HCL,47,59,59,265,256.69,,#,,#,,,
1003000597,KIM,DAE,TULSA,OK,Urology,S,FINASTERIDE,FINASTERIDE,20,50,115,3450,818.48,,#,,#,,,
1003000597,KIM,DAE,TULSA,OK,Urology,S,HYDROCODONE-ACETAMINOPHEN,HYDROCODONE/ACETAMINOPHEN,52,58,58,290,437.09,41,,46,,46,232,346.55
1003000597,KIM,DAE,TULSA,OK,Urology,S,MYRBETRIQ,MIRABEGRON,23,66,86,2580,25277.91,,#,,#,,,
1003000597,KIM,DAE,TULSA,OK,Urology,S,SULFAMETHOXAZOLE-TRIMETHOPRIM,SULFAMETHOXAZOLE/TRIMETHOPRIM,19,25,25,262,117.55,,#,,#,,,
1003000597,KIM,DAE,TULSA,OK,Urology,S,TAMSULOSIN HCL,TAMSULOSIN HCL,54,129,276,8280,3996.02,,#,,#,,,
1003000597,KIM,DAE,TULSA,OK,Urology,S,VESICARE,SOLIFENACIN SUCCINATE,,23,23,670,6442.72,,#,,#,,,
1003000720,HERNANDEZ,OTNIEL,HIALEAH,FL,Nurse Practitioner,S,ATORVASTATIN CALCIUM,ATORVASTATIN CALCIUM,,25,29,870,243.78,,*,25,,29,870,243.78
1003000720,HERNANDEZ,OTNIEL,HIALEAH,FL,Nurse Practitioner,S,DICYCLOMINE HCL,DICYCLOMINE HCL,,13,15,450,87.28,,*,13,,15,450,87.28
1003000720,HERNANDEZ,OTNIEL,HIALEAH,FL,Nurse Practitioner,S,LISINOPRIL,LISINOPRIL,,11,19,570,32.13,,*,11,,19,570,32.13
1003000720,HERNANDEZ,OTNIEL,HIALEAH,FL,Nurse Practitioner,S,LOSARTAN POTASSIUM,LOSARTAN POTASSIUM,,23,25,750,120.36,,#,,#,,,
1003000720,HERNANDEZ,OTNIEL,HIALEAH,FL,Nurse Practitioner,S,METFORMIN HCL,METFORMIN HCL,,18,26,780,42.34,,*,18,,26,780,42.34
1003000720,HERNANDEZ,OTNIEL,HIALEAH,FL,Nurse Practitioner,S,METOPROLOL SUCCINATE,METOPROLOL SUCCINATE,,14,14,420,172.06,,*,14,,14,420,172.06
1003000720,HERNANDEZ,OTNIEL,HIALEAH,FL,Nurse Practitioner,S,METOPROLOL TARTRATE,METOPROLOL TARTRATE,,16,22,660,46.8,,*,16,,22,660,46.8
1003000720,HERNANDEZ,OTNIEL,HIALEAH,FL,Nurse Practitioner,S,RANITIDINE HCL,RANITIDINE HCL,,13,15,450,161.67,,*,13,,15,450,161.67
1003000720,HERNANDEZ,OTNIEL,HIALEAH,FL,Nurse Practitioner,S,SERTRALINE HCL,SERTRALINE HCL,,14,14,420,59.05,,*,14,,14,420,59.05
1003000720,HERNANDEZ,OTNIEL,HIALEAH,FL,Nurse Practitioner,S,SIMVASTATIN,SIMVASTATIN,,12,14,420,39.05,,#,,#,,,
1003000753,DEITLE,JAMES,PORTLAND,OR,Physician Assistant,S,LISINOPRIL,LISINOPRIL,,14,14,420,32.48,,#,,#,,,
1003000902,LOHANO,JAIVANTI,LOUISVILLE,KY,Family Practice,S,ADVAIR DISKUS,FLUTICASONE/SALMETEROL,,28,42,1260,13915.66,,*,13,,19,570,5461.72
1003000902,LOHANO,JAIVANTI,LOUISVILLE,KY,Family Practice,S,ALCOHOL PREP PADS,ALCOHOL ANTISEPTIC PADS,,15,17,510,697.97,0,,0,,0,0,0
1003000902,LOHANO,JAIVANTI,LOUISVILLE,KY,Family Practice,S,ALENDRONATE SODIUM,ALENDRONATE SODIUM,,23,64.4,1932,232.5,,#,,#,,,
1003000902,LOHANO,JAIVANTI,LOUISVILLE,KY,Family Practice,S,ALPRAZOLAM,ALPRAZOLAM,,28,34,970,382.27,,#,,#,,,
1003000902,LOHANO,JAIVANTI,LOUISVILLE,KY,Family Practice,S,AMITRIPTYLINE HCL,AMITRIPTYLINE HCL,,16,26,764,355.58,,*,,*,,,
1003000902,LOHANO,JAIVANTI,LOUISVILLE,KY,Family Practice,S,AMLODIPINE BESYLATE,AMLODIPINE BESYLATE,40,150,327.5,9825,1191.05,28,,97,,239,7170,888.64
1003000902,LOHANO,JAIVANTI,LOUISVILLE,KY,Family Practice,S,AMOXICILLIN-CLAVULANATE POTASS,AMOXICILLIN/POTASSIUM CLAV,12,13,13,130,157.25,,*,,*,,,
1003000902,LOHANO,JAIVANTI,LOUISVILLE,KY,Family Practice,S,ASMANEX,MOMETASONE FUROATE,,11,11,330,2212.6,,*,11,,11,330,2212.6
1003000902,LOHANO,JAIVANTI,LOUISVILLE,KY,Family Practice,S,ATENOLOL,ATENOLOL,18,84,172,5160,1056.7,,#,59,,123,3690,793.51
1003000902,LOHANO,JAIVANTI,LOUISVILLE,KY,Family Practice,S,ATORVASTATIN CALCIUM,ATORVASTATIN CALCIUM,69,288,516,15478,3810.97,42,,191,,359,10770,2375.84
1003000902,LOHANO,JAIVANTI,LOUISVILLE,KY,Family Practice,S,AZITHROMYCIN,AZITHROMYCIN,35,37,37,185,239.29,14,,15,,15,75,112.64
1003000902,LOHANO,JAIVANTI,LOUISVILLE,KY,Family Practice,S,BACLOFEN,BACLOFEN,15,55,65,1885,1244.92,,*,25,,35,1005,885.52
1003000902,LOHANO,JAIVANTI,LOUISVILLE,KY,Family Practice,S,BD ULTRA-FINE PEN NEEDLE,PEN NEEDLE, DIABETIC,,15,21.7,630,568.46,,*,,*,,,
1003000902,LOHANO,JAIVANTI,LOUISVILLE,KY,Family Practice,S,BENAZEPRIL HCL,BENAZEPRIL HCL,,22,50,1500,216.61,,#,,#,,,
1003000902,LOHANO,JAIVANTI,LOUISVILLE,KY,Family Practice,S,BENICAR HCT,OLMESARTAN/HYDROCHLOROTHIAZIDE,,13,21,630,4764.52,,*,,*,,,
1003000902,LOHANO,JAIVANTI,LOUISVILLE,KY,Family Practice,S,BYSTOLIC,NEBIVOLOL HCL,,20,40,1200,4240.35,,#,,#,,,
1003000902,LOHANO,JAIVANTI,LOUISVILLE,KY,Family Practice,S,CARISOPRODOL,CARISOPRODOL,,11,11,330,50.6,0,,0,,0,0,0
1003000902,LOHANO,JAIVANTI,LOUISVILLE,KY,Family Practice,S,CARVEDILOL,CARVEDILOL,,32,56,1680,209.83,,#,,#,,,
1003000902,LOHANO,JAIVANTI,LOUISVILLE,KY,Family Practice,S,CEPHALEXIN,CEPHALEXIN,15,17,17,140,62.04,,*,,*,,,
1003000902,LOHANO,JAIVANTI,LOUISVILLE,KY,Family Practice,S,CIPROFLOXACIN HCL,CIPROFLOXACIN HCL,16,16,16,122,106.89,,#,,#,,,
1003000902,LOHANO,JAIVANTI,LOUISVILLE,KY,Family Practice,S,CITALOPRAM HBR,CITALOPRAM HYDROBROMIDE,14,82,162,4860,774.13,,*,51,,121,3630,609.03
1003000902,LOHANO,JAIVANTI,LOUISVILLE,KY,Family Practice,S,CLONAZEPAM,CLONAZEPAM,,38,40,1119,306.67,,*,23,,25,730,285.27
1003000902,LOHANO,JAIVANTI,LOUISVILLE,KY,Family Practice,S,CLONIDINE HCL,CLONIDINE HCL,,24,46,1380,171.6,,*,12,,34,1020,98.12
1003000902,LOHANO,JAIVANTI,LOUISVILLE,KY,Family Practice,S,CLOPIDOGREL,CLOPIDOGREL BISULFATE,12,55,111,3330,941.64,,#,,#,,,
1003000902,LOHANO,JAIVANTI,LOUISVILLE,KY,Family Practice,S,COLESTIPOL HCL,COLESTIPOL HCL,,12,24.5,735,1438.59,,*,,*,,,
1003000902,LOHANO,JAIVANTI,LOUISVILLE,KY,Family Practice,S,CRESTOR,ROSUVASTATIN CALCIUM,12,58,92,2728,21199.76,,*,18,,28,824,6661.09
1003000902,LOHANO,JAIVANTI,LOUISVILLE,KY,Family Practice,S,CYCLOBENZAPRINE HCL,CYCLOBENZAPRINE HCL,12,32,32,822,106.6,,*,,*,,,
1003000902,LOHANO,JAIVANTI,LOUISVILLE,KY,Family Practice,S,DEXTROAMPHETAMINE-AMPHETAMINE,DEXTROAMPHETAMINE/AMPHETAMINE,,12,12,360,560.59,,*,,*,,,
1003000902,LOHANO,JAIVANTI,LOUISVILLE,KY,Family Practice,S,DICLOFENAC SODIUM,DICLOFENAC SODIUM,,11,13,285,681.5,,*,,*,,,
1003000902,LOHANO,JAIVANTI,LOUISVILLE,KY,Family Practice,S,DICYCLOMINE HCL,DICYCLOMINE HCL,,25,25,750,189.51,,*,,*,,,
1003000902,LOHANO,JAIVANTI,LOUISVILLE,KY,Family Practice,S,DONEPEZIL HCL,DONEPEZIL HCL,,23,23,690,136.34,,*,23,,23,690,136.34
1003000902,LOHANO,JAIVANTI,LOUISVILLE,KY,Family Practice,S,DULOXETINE HCL,DULOXETINE HCL,,41,57,1678,2906.57,,*,,*,,,
1003000902,LOHANO,JAIVANTI,LOUISVILLE,KY,Family Practice,S,ESCITALOPRAM OXALATE,ESCITALOPRAM OXALATE,20,69,111,3310,1355.48,,*,42,,58,1720,445.69
1003000902,LOHANO,JAIVANTI,LOUISVILLE,KY,Family Practice,S,ESOMEPRAZOLE MAGNESIUM,ESOMEPRAZOLE MAGNESIUM,,27,27,794,3563.4,0,,0,,0,0,0
1003000902,LOHANO,JAIVANTI,LOUISVILLE,KY,Family Practice,S,ESTRADIOL,ESTRADIOL,,30,50.9,1526,316.83,,*,12,,18.9,566,158.31
1003000902,LOHANO,JAIVANTI,LOUISVILLE,KY,Family Practice,S,FENOFIBRATE,FENOFIBRATE,,11,13,390,564.76,0,,0,,0,0,0
1003000902,LOHANO,JAIVANTI,LOUISVILLE,KY,Family Practice,S,FENOFIBRATE,FENOFIBRATE NANOCRYSTALLIZED,,36,58,1728,2046.27,,#,,#,,,
1003000902,LOHANO,JAIVANTI,LOUISVILLE,KY,Family Practice,S,FENOFIBRIC ACID,FENOFIBRIC ACID (CHOLINE),,18,26,780,1605,0,,0,,0,0,0
1003000902,LOHANO,JAIVANTI,LOUISVILLE,KY,Family Practice,S,FLUCONAZOLE,FLUCONAZOLE,16,19,19,39,99.83,,*,,*,,,
1003000902,LOHANO,JAIVANTI,LOUISVILLE,KY,Family Practice,S,FLUOXETINE HCL,FLUOXETINE HCL,,40,74,2220,854.41,,*,,*,,,
1003000902,LOHANO,JAIVANTI,LOUISVILLE,KY,Family Practice,S,FLUTICASONE PROPIONATE,FLUTICASONE PROPIONATE,18,57,77.1,2313,704.68,,*,22,,27.1,813,271.26
1003000902,LOHANO,JAIVANTI,LOUISVILLE,KY,Family Practice,S,FUROSEMIDE,FUROSEMIDE,24,91,163,4869,423.26,,#,60,,110,3300,297.05
1003000902,LOHANO,JAIVANTI,LOUISVILLE,KY,Family Practice,S,GABAPENTIN,GABAPENTIN,54,254,374,11204,3708,27,,124,,192,5744,1327.05
1003000902,LOHANO,JAIVANTI,LOUISVILLE,KY,Family Practice,S,GEMFIBROZIL,GEMFIBROZIL,,24,26,780,224.04,,*,,*,,,
1003000902,LOHANO,JAIVANTI,LOUISVILLE,KY,Family Practice,S,GLIMEPIRIDE,GLIMEPIRIDE,14,42,88,2640,711.64,,*,19,,35,1050,244.91
1003000902,LOHANO,JAIVANTI,LOUISVILLE,KY,Family Practice,S,GLIPIZIDE ER,GLIPIZIDE,,19,31,930,195.11,,*,19,,31,930,195.11
1003000902,LOHANO,JAIVANTI,LOUISVILLE,KY,Family Practice,S,HYDRALAZINE HCL,HYDRALAZINE HCL,,21,33,990,355.2,,*,,*,,,
1003000902,LOHANO,JAIVANTI,LOUISVILLE,KY,Family Practice,S,HYDROCHLOROTHIAZIDE,HYDROCHLOROTHIAZIDE,26,114,228,6840,695.79,14,,59,,133,3990,391.22
1003000902,LOHANO,JAIVANTI,LOUISVILLE,KY,Family Practice,S,HYDROCODONE-ACETAMINOPHEN,HYDROCODONE/ACETAMINOPHEN,,34,34,900,515.38,,#,,#,,,
1003000902,LOHANO,JAIVANTI,LOUISVILLE,KY,Family Practice,S,IBUPROFEN,IBUPROFEN,,20,22,495,79.94,,#,,#,,,
1003000902,LOHANO,JAIVANTI,LOUISVILLE,KY,Family Practice,S,ISOSORBIDE MONONITRATE ER,ISOSORBIDE MONONITRATE,,18,50,1500,547.62,,*,18,,50,1500,547.62
1003000902,LOHANO,JAIVANTI,LOUISVILLE,KY,Family Practice,S,JANUVIA,SITAGLIPTIN PHOSPHATE,,24,32,960,11762.4,,*,12,,12,360,4384.8
1003000902,LOHANO,JAIVANTI,LOUISVILLE,KY,Family Practice,S,KLOR-CON 10,POTASSIUM CHLORIDE,,12,12,360,158.52,0,,0,,0,0,0
1003000902,LOHANO,JAIVANTI,LOUISVILLE,KY,Family Practice,S,KLOR-CON M20,POTASSIUM CHLORIDE,,27,37,1094,498.63,,*,13,,19,570,301.11
1003000902,LOHANO,JAIVANTI,LOUISVILLE,KY,Family Practice,S,LANSOPRAZOLE,LANSOPRAZOLE,,16,28,840,437.45,,*,16,,28,840,437.45
1003000902,LOHANO,JAIVANTI,LOUISVILLE,KY,Family Practice,S,LANTUS,INSULIN GLARGINE,HUM.REC.ANLOG,,15,18,468,5710.97,,*,,*,,,
1003000902,LOHANO,JAIVANTI,LOUISVILLE,KY,Family Practice,S,LANTUS SOLOSTAR,INSULIN GLARGINE,HUM.REC.ANLOG,,14,29.4,883,5182.28,,*,,*,,,
1003000902,LOHANO,JAIVANTI,LOUISVILLE,KY,Family Practice,S,LEVETIRACETAM,LEVETIRACETAM,,12,12,360,114.54,,*,12,,12,360,114.54
1003000902,LOHANO,JAIVANTI,LOUISVILLE,KY,Family Practice,S,LEVOTHYROXINE SODIUM,LEVOTHYROXINE SODIUM,46,223,405.2,12114,3955.26,24,,91,,213,6378,2146.65
1003000902,LOHANO,JAIVANTI,LOUISVILLE,KY,Family Practice,S,LISINOPRIL,LISINOPRIL,75,311,606,18156,1896.39,37,,145,,319,9570,962.19
1003000902,LOHANO,JAIVANTI,LOUISVILLE,KY,Family Practice,S,LISINOPRIL-HYDROCHLOROTHIAZIDE,LISINOPRIL/HYDROCHLOROTHIAZIDE,19,64,160,4800,487.45,,*,36,,92,2760,310.33
1003000902,LOHANO,JAIVANTI,LOUISVILLE,KY,Family Practice,S,LORAZEPAM,LORAZEPAM,,28,28,753,144.35,,#,,#,,,
1003000902,LOHANO,JAIVANTI,LOUISVILLE,KY,Family Practice,S,LOSARTAN POTASSIUM,LOSARTAN POTASSIUM,18,60,114,3420,562.65,,#,49,,99,2970,517.83
1003000902,LOHANO,JAIVANTI,LOUISVILLE,KY,Family Practice,S,LOSARTAN-HYDROCHLOROTHIAZIDE,LOSARTAN/HYDROCHLOROTHIAZIDE,12,45,83,2490,339.04,,*,19,,37,1110,179.01
1003000902,LOHANO,JAIVANTI,LOUISVILLE,KY,Family Practice,S,LOVASTATIN,LOVASTATIN,,24,56,1680,552.26,,#,,#,,,
1003000902,LOHANO,JAIVANTI,LOUISVILLE,KY,Family Practice,S,LYRICA,PREGABALIN,,25,37,1110,17725.73,,*,,*,,,
1003000902,LOHANO,JAIVANTI,LOUISVILLE,KY,Family Practice,S,MECLIZINE HCL,MECLIZINE HCL,,14,14,121,93.94,,*,,*,,,
1003000902,LOHANO,JAIVANTI,LOUISVILLE,KY,Family Practice,S,MELOXICAM,MELOXICAM,28,124,184,5508,613.47,,#,75,,131,3930,458
1003000902,LOHANO,JAIVANTI,LOUISVILLE,KY,Family Practice,S,MEMANTINE HCL,MEMANTINE HCL,,13,13,390,1435.09,,*,13,,13,390,1435.09
1003000902,LOHANO,JAIVANTI,LOUISVILLE,KY,Family Practice,S,METFORMIN HCL,METFORMIN HCL,40,180,300.1,9003,1151.77,23,,99,,171.1,5133,740.79
1003000902,LOHANO,JAIVANTI,LOUISVILLE,KY,Family Practice,S,METFORMIN HCL ER,METFORMIN HCL,,11,25,750,103.05,,*,,*,,,
1003000902,LOHANO,JAIVANTI,LOUISVILLE,KY,Family Practice,S,METHYLPREDNISOLONE,METHYLPREDNISOLONE,39,42,42,256,649.06,17,,18,,18,108,284.92
1003000902,LOHANO,JAIVANTI,LOUISVILLE,KY,Family Practice,S,METOCLOPRAMIDE HCL,METOCLOPRAMIDE HCL,,11,19,570,65.72,,*,,*,,,
1003000902,LOHANO,JAIVANTI,LOUISVILLE,KY,Family Practice,S,METOPROLOL SUCCINATE,METOPROLOL SUCCINATE,,37,56,1642,702.37,,*,,*,,,
1003000902,LOHANO,JAIVANTI,LOUISVILLE,KY,Family Practice,S,METOPROLOL TARTRATE,METOPROLOL TARTRATE,35,165,308,9153,928.43,19,,79,,165,4889,588.32
1003000902,LOHANO,JAIVANTI,LOUISVILLE,KY,Family Practice,S,MONTELUKAST SODIUM,MONTELUKAST SODIUM,12,55,88,2638,1972.35,,*,20,,36,1080,188.69
1003000902,LOHANO,JAIVANTI,LOUISVILLE,KY,Family Practice,S,NAPROXEN,NAPROXEN,,12,28,795,101.56,,*,,*,,,
1003000902,LOHANO,JAIVANTI,LOUISVILLE,KY,Family Practice,S,NEXIUM,ESOMEPRAZOLE MAGNESIUM,,26,28,840,7118.6,,*,,*,,,
1003000902,LOHANO,JAIVANTI,LOUISVILLE,KY,Family Practice,S,OMEPRAZOLE,OMEPRAZOLE,43,209,308.5,9221,2388.09,14,,69,,123,3674,1079.51
1003000902,LOHANO,JAIVANTI,LOUISVILLE,KY,Family Practice,S,ONDANSETRON HCL,ONDANSETRON HCL,11,70,71,1020,985.89,,*,35,,36,475,349.55
1003000902,LOHANO,JAIVANTI,LOUISVILLE,KY,Family Practice,S,OXYBUTYNIN CHLORIDE,OXYBUTYNIN CHLORIDE,,11,17,510,309.45,,*,,*,,,
1003000902,LOHANO,JAIVANTI,LOUISVILLE,KY,Family Practice,S,PANTOPRAZOLE SODIUM,PANTOPRAZOLE SODIUM,17,64,114,3388,861.24,,#,49,,85,2550,574.07
1003000902,LOHANO,JAIVANTI,LOUISVILLE,KY,Family Practice,S,PAROXETINE HCL,PAROXETINE HCL,,30,70,2100,571.55,,#,,#,,,
1003000902,LOHANO,JAIVANTI,LOUISVILLE,KY,Family Practice,S,PENTOXIFYLLINE,PENTOXIFYLLINE,,12,12,360,103.12,,*,12,,12,360,103.12
1003000902,LOHANO,JAIVANTI,LOUISVILLE,KY,Family Practice,S,PHENYTOIN SODIUM EXTENDED,PHENYTOIN SODIUM EXTENDED,,14,16,480,513.43,,*,14,,16,480,513.43
1003000902,LOHANO,JAIVANTI,LOUISVILLE,KY,Family Practice,S,POTASSIUM CHLORIDE,POTASSIUM CHLORIDE,23,102,182,5446,1992.34,,#,53,,127,3810,1600.95
1003000902,LOHANO,JAIVANTI,LOUISVILLE,KY,Family Practice,S,PRAVASTATIN SODIUM,PRAVASTATIN SODIUM,34,130,257,7710,2827.12,21,,74,,167,5010,1941.35
1003000902,LOHANO,JAIVANTI,LOUISVILLE,KY,Family Practice,S,PREDNISONE,PREDNISONE,,15,15,336,118.5,,#,,#,,,
1003000902,LOHANO,JAIVANTI,LOUISVILLE,KY,Family Practice,S,PROAIR HFA,ALBUTEROL SULFATE,24,76,94.1,2517,4190.18,12,,27,,31.5,746,1536
1003000902,LOHANO,JAIVANTI,LOUISVILLE,KY,Family Practice,S,PROPRANOLOL HCL,PROPRANOLOL HCL,,15,17,510,146.93,,#,,#,,,
1003000902,LOHANO,JAIVANTI,LOUISVILLE,KY,Family Practice,S,QUETIAPINE FUMARATE,QUETIAPINE FUMARATE,,13,17,510,166.56,,#,,#,,,
1003000902,LOHANO,JAIVANTI,LOUISVILLE,KY,Family Practice,S,RANITIDINE HCL,RANITIDINE HCL,,34,64,1900,407.65,,*,,*,,,
1003000902,LOHANO,JAIVANTI,LOUISVILLE,KY,Family Practice,S,RISPERIDONE,RISPERIDONE,,26,26,780,139.2,,*,,*,,,
1003000902,LOHANO,JAIVANTI,LOUISVILLE,KY,Family Practice,S,ROPINIROLE HCL,ROPINIROLE HCL,,25,47,1408,236.26,,*,12,,28,838,110.49
1003000902,LOHANO,JAIVANTI,LOUISVILLE,KY,Family Practice,S,ROSUVASTATIN CALCIUM,ROSUVASTATIN CALCIUM,,15,21,626,1280.21,,*,,*,,,
1003000902,LOHANO,JAIVANTI,LOUISVILLE,KY,Family Practice,S,SAVELLA,MILNACIPRAN HCL,,11,11,330,3103.33,0,,0,,0,0,0
1003000902,LOHANO,JAIVANTI,LOUISVILLE,KY,Family Practice,S,SERTRALINE HCL,SERTRALINE HCL,13,64,104,3100,367.3,,*,32,,70,2100,226.5
1003000902,LOHANO,JAIVANTI,LOUISVILLE,KY,Family Practice,S,SIMVASTATIN,SIMVASTATIN,37,167,353,10590,1134.9,24,,83,,223,6690,762.34
1003000902,LOHANO,JAIVANTI,LOUISVILLE,KY,Family Practice,S,SPIRIVA,TIOTROPIUM BROMIDE,,20,28,840,9559.63,,#,,#,,,
1003000902,LOHANO,JAIVANTI,LOUISVILLE,KY,Family Practice,S,SPIRONOLACTONE,SPIRONOLACTONE,,22,34,1020,282.71,,#,,#,,,
1003000902,LOHANO,JAIVANTI,LOUISVILLE,KY,Family Practice,S,SULFAMETHOXAZOLE-TRIMETHOPRIM,SULFAMETHOXAZOLE/TRIMETHOPRIM,15,16,20,294,67.11,,*,,*,,,
1003000902,LOHANO,JAIVANTI,LOUISVILLE,KY,Family Practice,S,SYNTHROID,LEVOTHYROXINE SODIUM,,33,51,1530,1642.28,,*,20,,38,1140,1198.05
1003000902,LOHANO,JAIVANTI,LOUISVILLE,KY,Family Practice,S,TAMSULOSIN HCL,TAMSULOSIN HCL,,36,44,1304,490.03,,#,,#,,,
1003000902,LOHANO,JAIVANTI,LOUISVILLE,KY,Family Practice,S,TEMAZEPAM,TEMAZEPAM,,17,23,659,1069.53,,*,17,,23,659,1069.53
1003000902,LOHANO,JAIVANTI,LOUISVILLE,KY,Family Practice,S,TIZANIDINE HCL,TIZANIDINE HCL,,23,25,720,442.57,,*,,*,,,
1003000902,LOHANO,JAIVANTI,LOUISVILLE,KY,Family Practice,S,TOPIRAMATE,TOPIRAMATE,,22,28,840,146.7,0,,0,,0,0,0
1003000902,LOHANO,JAIVANTI,LOUISVILLE,KY,Family Practice,S,TRADJENTA,LINAGLIPTIN,,11,11,330,4001.62,0,,0,,0,0,0
1003000902,LOHANO,JAIVANTI,LOUISVILLE,KY,Family Practice,S,TRAMADOL HCL,TRAMADOL HCL,34,104,104,2426,606.69,16,,45,,45,1030,299.15
1003000902,LOHANO,JAIVANTI,LOUISVILLE,KY,Family Practice,S,TRAZODONE HCL,TRAZODONE HCL,12,64,87,2578,435.7,,*,,*,,,
1003000902,LOHANO,JAIVANTI,LOUISVILLE,KY,Family Practice,S,TRIAMTERENE-HYDROCHLOROTHIAZID,TRIAMTERENE/HYDROCHLOROTHIAZID,,23,36,1080,381.42,,#,,#,,,
1003000902,LOHANO,JAIVANTI,LOUISVILLE,KY,Family Practice,S,VENLAFAXINE HCL ER,VENLAFAXINE HCL,,21,23,690,150.47,,*,,*,,,
1003000902,LOHANO,JAIVANTI,LOUISVILLE,KY,Family Practice,S,VENTOLIN HFA,ALBUTEROL SULFATE,17,34,38.6,1039,1967.35,,*,14,,18.1,529,928.97
1003000902,LOHANO,JAIVANTI,LOUISVILLE,KY,Family Practice,S,WARFARIN SODIUM,WARFARIN SODIUM,,35,52.6,1578,694.34,,*,,*,,,
1003000902,LOHANO,JAIVANTI,LOUISVILLE,KY,Family Practice,S,ZETIA,EZETIMIBE,,29,43,1290,11784.34,,*,11,,25,750,6853.22
1003000902,LOHANO,JAIVANTI,LOUISVILLE,KY,Family Practice,S,ZOLPIDEM TARTRATE,ZOLPIDEM TARTRATE,16,78,78,2324,363.25,,*,16,,16,480,204.24
1003000936,STELLINGWORTH,MARK,COLUMBIA,SC,Internal Medicine,S,ACEBUTOLOL HCL,ACEBUTOLOL HCL,,12,12,360,216.96,,*,12,,12,360,216.96
1003000936,STELLINGWORTH,MARK,COLUMBIA,SC,Internal Medicine,S,AMIODARONE HCL,AMIODARONE HCL,11,41,53,1590,2091.4,,#,,#,,,
1003000936,STELLINGWORTH,MARK,COLUMBIA,SC,Internal Medicine,S,AMLODIPINE BESYLATE,AMLODIPINE BESYLATE,62,195,275,8243,924.67,51,,171,,243,7283,805.85
1003000936,STELLINGWORTH,MARK,COLUMBIA,SC,Internal Medicine,S,ATORVASTATIN CALCIUM,ATORVASTATIN CALCIUM,25,95,168,5040,1496.92,,#,77,,131,3930,1179.11
1003000936,STELLINGWORTH,MARK,COLUMBIA,SC,Internal Medicine,S,AZOR,AMLODIPINE BES/OLMESARTAN MED,,14,18,540,4690.67,,*,14,,18,540,4690.67
1003000936,STELLINGWORTH,MARK,COLUMBIA,SC,Internal Medicine,S,BENAZEPRIL HCL,BENAZEPRIL HCL,,15,25,750,77.42,,*,,*,,,
1003000936,STELLINGWORTH,MARK,COLUMBIA,SC,Internal Medicine,S,BUMETANIDE,BUMETANIDE,11,30,33,987,1039.03,,#,,#,,,
1003000936,STELLINGWORTH,MARK,COLUMBIA,SC,Internal Medicine,S,BYSTOLIC,NEBIVOLOL HCL,,12,16,480,1689.81,,*,12,,16,480,1689.81
1003000936,STELLINGWORTH,MARK,COLUMBIA,SC,Internal Medicine,S,CARTIA XT,DILTIAZEM HCL,,14,16,480,352.31,,*,14,,16,480,352.31
1003000936,STELLINGWORTH,MARK,COLUMBIA,SC,Internal Medicine,S,CARVEDILOL,CARVEDILOL,48,161,304,9104,1394.47,,#,135,,262,7844,1196.99
1003000936,STELLINGWORTH,MARK,COLUMBIA,SC,Internal Medicine,S,CHLORTHALIDONE,CHLORTHALIDONE,34,119,185,5543,4043.4,,#,101,,166,4973,3691.46
1003000936,STELLINGWORTH,MARK,COLUMBIA,SC,Internal Medicine,S,CLOPIDOGREL,CLOPIDOGREL BISULFATE,33,128,214,6420,1354.16,,#,98,,162,4860,1009.32
1003000936,STELLINGWORTH,MARK,COLUMBIA,SC,Internal Medicine,S,CRESTOR,ROSUVASTATIN CALCIUM,13,43,47,1410,11724.7,,#,,#,,,
1003000936,STELLINGWORTH,MARK,COLUMBIA,SC,Internal Medicine,S,DILTIAZEM 24HR ER,DILTIAZEM HCL,,19,33,990,799.1,,*,19,,33,990,799.1
1003000936,STELLINGWORTH,MARK,COLUMBIA,SC,Internal Medicine,S,ELIQUIS,APIXABAN,29,141,181,5425,63298.06,,#,128,,168,5040,58773.71
1003000936,STELLINGWORTH,MARK,COLUMBIA,SC,Internal Medicine,S,FLECAINIDE ACETATE,FLECAINIDE ACETATE,,11,13.5,400,306.57,,*,11,,13.5,400,306.57
1003000936,STELLINGWORTH,MARK,COLUMBIA,SC,Internal Medicine,S,FUROSEMIDE,FUROSEMIDE,15,43,78,2325,257.46,,#,,#,,,
1003000936,STELLINGWORTH,MARK,COLUMBIA,SC,Internal Medicine,S,HYDROCODONE-ACETAMINOPHEN,HYDROCODONE/ACETAMINOPHEN,13,13,13,90,86.19,,#,,#,,,
1003000936,STELLINGWORTH,MARK,COLUMBIA,SC,Internal Medicine,S,LEVOFLOXACIN,LEVOFLOXACIN,12,14,14,105,90.8,,#,,#,,,
1003000936,STELLINGWORTH,MARK,COLUMBIA,SC,Internal Medicine,S,LISINOPRIL,LISINOPRIL,44,126,223,6690,665.37,,#,103,,184,5520,569.87
1003000936,STELLINGWORTH,MARK,COLUMBIA,SC,Internal Medicine,S,LOSARTAN POTASSIUM,LOSARTAN POTASSIUM,21,56,120,3593,750.97,,#,,#,,,
1003000936,STELLINGWORTH,MARK,COLUMBIA,SC,Internal Medicine,S,LOSARTAN-HYDROCHLOROTHIAZIDE,LOSARTAN/HYDROCHLOROTHIAZIDE,,12,12,360,44.86,,#,,#,,,
1003000936,STELLINGWORTH,MARK,COLUMBIA,SC,Internal Medicine,S,METOPROLOL SUCCINATE,METOPROLOL SUCCINATE,35,109,185.3,5550,2838.31,,#,,#,,,
1003000936,STELLINGWORTH,MARK,COLUMBIA,SC,Internal Medicine,S,METOPROLOL TARTRATE,METOPROLOL TARTRATE,40,126,196,5835,544.12,,#,109,,173,5145,473.19
1003000936,STELLINGWORTH,MARK,COLUMBIA,SC,Internal Medicine,S,OMEPRAZOLE,OMEPRAZOLE,,16,26,780,149.83,,*,16,,26,780,149.83
1003000936,STELLINGWORTH,MARK,COLUMBIA,SC,Internal Medicine,S,PANTOPRAZOLE SODIUM,PANTOPRAZOLE SODIUM,,13,23,690,108.84,,*,13,,23,690,108.84
1003000936,STELLINGWORTH,MARK,COLUMBIA,SC,Internal Medicine,S,POTASSIUM CHLORIDE,POTASSIUM CHLORIDE,,37,65,1950,1170.38,,#,,#,,,
1003000936,STELLINGWORTH,MARK,COLUMBIA,SC,Internal Medicine,S,PRADAXA,DABIGATRAN ETEXILATE MESYLATE,,13,13,390,4518.91,,*,13,,13,390,4518.91
1003000936,STELLINGWORTH,MARK,COLUMBIA,SC,Internal Medicine,S,PRAVASTATIN SODIUM,PRAVASTATIN SODIUM,27,106,162,4820,2259.26,,#,88,,138,4140,1942.72
1003000936,STELLINGWORTH,MARK,COLUMBIA,SC,Internal Medicine,S,RANITIDINE HCL,RANITIDINE HCL,,13,13,390,65.43,,*,13,,13,390,65.43
1003000936,STELLINGWORTH,MARK,COLUMBIA,SC,Internal Medicine,S,ROSUVASTATIN CALCIUM,ROSUVASTATIN CALCIUM,,26,34,1020,2081.8,,*,26,,34,1020,2081.8
1003000936,STELLINGWORTH,MARK,COLUMBIA,SC,Internal Medicine,S,SIMVASTATIN,SIMVASTATIN,,17,17,510,78.31,,*,,*,,,
1003000936,STELLINGWORTH,MARK,COLUMBIA,SC,Internal Medicine,S,SPIRONOLACTONE,SPIRONOLACTONE,19,47,81,2400,296.54,,#,31,,65,1920,223.06
1003000936,STELLINGWORTH,MARK,COLUMBIA,SC,Internal Medicine,S,TIKOSYN,DOFETILIDE,,12,14,420,6602.29,,*,12,,14,420,6602.29
1003000936,STELLINGWORTH,MARK,COLUMBIA,SC,Internal Medicine,S,TORSEMIDE,TORSEMIDE,,28,44,1320,310.79,,#,,#,,,
1003000936,STELLINGWORTH,MARK,COLUMBIA,SC,Internal Medicine,S,VALSARTAN,VALSARTAN,,30,44,1320,591.65,,*,30,,44,1320,591.65
1003000936,STELLINGWORTH,MARK,COLUMBIA,SC,Internal Medicine,S,WARFARIN SODIUM,WARFARIN SODIUM,,21,32,960,243.53,,#,,#,,,
1003000936,STELLINGWORTH,MARK,COLUMBIA,SC,Internal Medicine,S,XARELTO,RIVAROXABAN,,27,34.2,1025,11950.39,,*,27,,34.2,1025,11950.39
1003000936,STELLINGWORTH,MARK,COLUMBIA,SC,Internal Medicine,S,ZETIA,EZETIMIBE,,16,24,720,6579.54,,#,,#,,,
1003001017,NICHOLS,LAWRENCE,LA PALMA,CA,Dermatology,S,BETAMETHASONE VALERATE,BETAMETHASONE VALERATE,125,267,274.2,5958,10823.79,102,,212,,219.2,4633,8509.69
1003001017,NICHOLS,LAWRENCE,LA PALMA,CA,Dermatology,S,CLOBETASOL PROPIONATE,CLOBETASOL PROPIONATE,17,33,34,802,9538.14,,#,,#,,,
1003001017,NICHOLS,LAWRENCE,LA PALMA,CA,Dermatology,S,DOXYCYCLINE HYCLATE,DOXYCYCLINE HYCLATE,,22,24,675,2160.83,,#,,#,,,
1003001017,NICHOLS,LAWRENCE,LA PALMA,CA,Dermatology,S,HYDROCORTISONE,HYDROCORTISONE,21,37,38,810,248.56,,#,,#,,,
1003001017,NICHOLS,LAWRENCE,LA PALMA,CA,Dermatology,S,HYDROXYZINE HCL,HYDROXYZINE HCL,,21,21,542,411.23,,#,,#,,,
1003001017,NICHOLS,LAWRENCE,LA PALMA,CA,Dermatology,S,MUPIROCIN,MUPIROCIN,,19,19,269,158.94,,#,,#,,,
1003001017,NICHOLS,LAWRENCE,LA PALMA,CA,Dermatology,S,PERMETHRIN,PERMETHRIN,15,19,19,118,1913.74,,#,,#,,,
1003001132,VIGGIANELLI,MICHAEL,SAN LUIS OBISPO,CA,Family Practice,S,ATORVASTATIN CALCIUM,ATORVASTATIN CALCIUM,,14,42,1260,345.55,,*,14,,42,1260,345.55
1003001132,VIGGIANELLI,MICHAEL,SAN LUIS OBISPO,CA,Family Practice,S,LISINOPRIL,LISINOPRIL,,21,61,1810,193.36,,*,21,,61,1810,193.36
1003001132,VIGGIANELLI,MICHAEL,SAN LUIS OBISPO,CA,Family Practice,S,METFORMIN HCL,METFORMIN HCL,,13,39,1170,132.25,,*,13,,39,1170,132.25
1003001132,VIGGIANELLI,MICHAEL,SAN LUIS OBISPO,CA,Family Practice,S,SIMVASTATIN,SIMVASTATIN,,12,18,540,58.84,,*,12,,18,540,58.84
1003001132,VIGGIANELLI,MICHAEL,SAN LUIS OBISPO,CA,Family Practice,S,TAMSULOSIN HCL,TAMSULOSIN HCL,,12,32,960,455.76,,*,12,,32,960,455.76
1003001207,GORJI,NILOO,TOLLAND,CT,Dentist,T,AMOXICILLIN,AMOXICILLIN,14,19,19,86,51.09,14,,19,,19,86,51.09
1003001363,STEVENS,CHARLES,EL CENTRO,CA,Anesthesiology,S,ALPRAZOLAM,ALPRAZOLAM,,22,22,645,138.03,,*,,*,,,
1003001363,STEVENS,CHARLES,EL CENTRO,CA,Anesthesiology,S,AMITIZA,LUBIPROSTONE,,14,14,420,4663.65,,*,,*,,,
1003001363,STEVENS,CHARLES,EL CENTRO,CA,Anesthesiology,S,AMITRIPTYLINE HCL,AMITRIPTYLINE HCL,11,23,25,750,606.33,,*,,*,,,
1003001363,STEVENS,CHARLES,EL CENTRO,CA,Anesthesiology,S,BACLOFEN,BACLOFEN,44,97,97,2907,1727.32,12,,27,,27,807,459.82
1003001363,STEVENS,CHARLES,EL CENTRO,CA,Anesthesiology,S,BUTRANS,BUPRENORPHINE,,18,18,512,9154.86,,*,18,,18,512,9154.86
1003001363,STEVENS,CHARLES,EL CENTRO,CA,Anesthesiology,S,CARISOPRODOL,CARISOPRODOL,12,20,20.3,610,203.82,,*,,*,,,
1003001363,STEVENS,CHARLES,EL CENTRO,CA,Anesthesiology,S,CELECOXIB,CELECOXIB,,17,17,510,1302.29,,*,,*,,,
1003001363,STEVENS,CHARLES,EL CENTRO,CA,Anesthesiology,S,CYCLOBENZAPRINE HCL,CYCLOBENZAPRINE HCL,,21,21,630,131.81,,*,,*,,,
1003001363,STEVENS,CHARLES,EL CENTRO,CA,Anesthesiology,S,DULOXETINE HCL,DULOXETINE HCL,20,53,53,1560,2341.62,,*,14,,14,420,678.25
1003001363,STEVENS,CHARLES,EL CENTRO,CA,Anesthesiology,S,FENTANYL,FENTANYL,40,88,88.5,2649,9140.39,18,,30,,30.5,915,3317.75
1003001363,STEVENS,CHARLES,EL CENTRO,CA,Anesthesiology,S,GABAPENTIN,GABAPENTIN,108,219,231,6930,3759.17,37,,65,,69,2070,929.72
1003001363,STEVENS,CHARLES,EL CENTRO,CA,Anesthesiology,S,HYDROCODONE-ACETAMINOPHEN,HYDROCODONE/ACETAMINOPHEN,129,263,263.1,7867,11032.62,67,,129,,129.1,3873,4801.18
1003001363,STEVENS,CHARLES,EL CENTRO,CA,Anesthesiology,S,HYDROMORPHONE HCL,HYDROMORPHONE HCL,11,17,17,510,629.53,,*,,*,,,
1003001363,STEVENS,CHARLES,EL CENTRO,CA,Anesthesiology,S,IBUPROFEN,IBUPROFEN,,15,15,436,137.02,,*,,*,,,
1003001363,STEVENS,CHARLES,EL CENTRO,CA,Anesthesiology,S,LIDOCAINE,LIDOCAINE,19,31,31,702,6015.47,,*,13,,13,351,2705.07
1003001363,STEVENS,CHARLES,EL CENTRO,CA,Anesthesiology,S,LYRICA,PREGABALIN,30,57,59,1745,21780.19,,*,20,,20,592,7593.76
1003001363,STEVENS,CHARLES,EL CENTRO,CA,Anesthesiology,S,MELOXICAM,MELOXICAM,12,26,28,840,105.42,,*,15,,15,450,60.57
1003001363,STEVENS,CHARLES,EL CENTRO,CA,Anesthesiology,S,METHADONE HCL,METHADONE HCL,11,34,34,1020,1050.05,,*,,*,,,
1003001363,STEVENS,CHARLES,EL CENTRO,CA,Anesthesiology,S,METHOCARBAMOL,METHOCARBAMOL,,16,16,480,342.12,0,,0,,0,0,0
1003001363,STEVENS,CHARLES,EL CENTRO,CA,Anesthesiology,S,MORPHINE SULFATE,MORPHINE SULFATE,20,37,37,1109,1048.2,,*,,*,,,
1003001363,STEVENS,CHARLES,EL CENTRO,CA,Anesthesiology,S,MORPHINE SULFATE ER,MORPHINE SULFATE,139,315,316,9480,27117.16,34,,69,,69,2070,5041.2
1003001363,STEVENS,CHARLES,EL CENTRO,CA,Anesthesiology,S,NAPROXEN,NAPROXEN,,24,24,720,217.88,,*,,*,,,
1003001363,STEVENS,CHARLES,EL CENTRO,CA,Anesthesiology,S,NUCYNTA ER,TAPENTADOL HCL,,20,20,600,13026.02,,*,,*,,,
1003001363,STEVENS,CHARLES,EL CENTRO,CA,Anesthesiology,S,OMEPRAZOLE,OMEPRAZOLE,,25,25,750,145.34,0,,0,,0,0,0
1003001363,STEVENS,CHARLES,EL CENTRO,CA,Anesthesiology,S,OPANA ER,OXYMORPHONE HCL,11,18,18,540,7725.76,,*,,*,,,
1003001363,STEVENS,CHARLES,EL CENTRO,CA,Anesthesiology,S,OXYCODONE HCL,OXYCODONE HCL,155,367,367,10927,12511.89,51,,109,,109,3228,3702.34
1003001363,STEVENS,CHARLES,EL CENTRO,CA,Anesthesiology,S,OXYCODONE-ACETAMINOPHEN,OXYCODONE HCL/ACETAMINOPHEN,154,321,321,9507,25004.92,62,,118,,118,3470,7912.4
1003001363,STEVENS,CHARLES,EL CENTRO,CA,Anesthesiology,S,OXYCONTIN,OXYCODONE HCL,39,90,90,2700,71904.84,12,,29,,29,870,24865.83
1003001363,STEVENS,CHARLES,EL CENTRO,CA,Anesthesiology,S,TIZANIDINE HCL,TIZANIDINE HCL,35,62,64,1920,3474.09,,*,11,,11,330,212.14
1003001363,STEVENS,CHARLES,EL CENTRO,CA,Anesthesiology,S,TOPIRAMATE,TOPIRAMATE,,17,17,510,282.77,0,,0,,0,0,0
1003001363,STEVENS,CHARLES,EL CENTRO,CA,Anesthesiology,S,TRAMADOL HCL,TRAMADOL HCL,64,143,145.5,4323,1462.52,36,,79,,81,2413,608.12
1003001363,STEVENS,CHARLES,EL CENTRO,CA,Anesthesiology,S,TRAZODONE HCL,TRAZODONE HCL,,24,26,780,178.73,,*,,*,,,
1003001363,STEVENS,CHARLES,EL CENTRO,CA,Anesthesiology,S,ZOLPIDEM TARTRATE,ZOLPIDEM TARTRATE,14,26,26,780,421.39,,*,,*,,,
1003001371,KANTER,DAVID,SYRACUSE,NY,Physical Medicine and Rehabilitation,S,BACLOFEN,BACLOFEN,23,72,72,2121,2392.8,,*,11,,11,330,693.95
1003001371,KANTER,DAVID,SYRACUSE,NY,Physical Medicine and Rehabilitation,S,CYCLOBENZAPRINE HCL,CYCLOBENZAPRINE HCL,,19,19,570,97.35,0,,0,,0,0,0
1003001371,KANTER,DAVID,SYRACUSE,NY,Physical Medicine and Rehabilitation,S,GABAPENTIN,GABAPENTIN,,18,18,540,263.2,0,,0,,0,0,0
1003001371,KANTER,DAVID,SYRACUSE,NY,Physical Medicine and Rehabilitation,S,SERTRALINE HCL,SERTRALINE HCL,,13,21,630,67.19,0,,0,,0,0,0
1003001371,KANTER,DAVID,SYRACUSE,NY,Physical Medicine and Rehabilitation,S,TIZANIDINE HCL,TIZANIDINE HCL,,22,23,682,1779.69,0,,0,,0,0,0
1003001462,WOLSKI,MICHAL,TEMPLE,TX,Radiation Oncology,S,ACETAMINOPHEN-CODEINE,ACETAMINOPHEN WITH CODEINE,21,27,27,168,148.57,,#,,#,,,
1003001462,WOLSKI,MICHAL,TEMPLE,TX,Radiation Oncology,S,AMOXICILLIN-CLAVULANATE POTASS,AMOXICILLIN/POTASSIUM CLAV,19,24,24,348,440.85,,#,,#,,,
1003001462,WOLSKI,MICHAL,TEMPLE,TX,Radiation Oncology,S,FENTANYL,FENTANYL,,15,15,227,606.08,,*,15,,15,227,606.08
1003001462,WOLSKI,MICHAL,TEMPLE,TX,Radiation Oncology,S,LORAZEPAM,LORAZEPAM,,18,19,370,136.68,,#,,#,,,
1003001462,WOLSKI,MICHAL,TEMPLE,TX,Radiation Oncology,S,METHYLPREDNISOLONE,METHYLPREDNISOLONE,22,31,31,294,705.99,,#,,#,,,
1003001462,WOLSKI,MICHAL,TEMPLE,TX,Radiation Oncology,S,TAMSULOSIN HCL,TAMSULOSIN HCL,36,119,124,3720,1730.8,,#,,#,,,
1003001587,TRAN,MARY,SYRACUSE,NY,Physician Assistant,S,CEPHALEXIN,CEPHALEXIN,13,13,13,99,63.59,,*,,*,,,
1003001587,TRAN,MARY,SYRACUSE,NY,Physician Assistant,S,IBUPROFEN,IBUPROFEN,27,27,27,285,96.96,,*,,*,,,
1003001587,TRAN,MARY,SYRACUSE,NY,Physician Assistant,S,NAPROXEN,NAPROXEN,18,18,18,180,76.27,,*,,*,,,
1003001587,TRAN,MARY,SYRACUSE,NY,Physician Assistant,S,OXYCODONE-ACETAMINOPHEN,OXYCODONE HCL/ACETAMINOPHEN,16,16,16,50,78.35,,*,,*,,,
1003001645,TRIVEDI,VINOD,SACRAMENTO,CA,Infectious Disease,S,AMOXICILLIN,AMOXICILLIN,,19,19,545,164.36,,*,19,,19,545,164.36
1003001645,TRIVEDI,VINOD,SACRAMENTO,CA,Infectious Disease,S,CEFAZOLIN SODIUM,CEFAZOLIN SODIUM,,21,21,145,894.73,,#,,#,,,
1003001645,TRIVEDI,VINOD,SACRAMENTO,CA,Infectious Disease,S,CIPROFLOXACIN HCL,CIPROFLOXACIN HCL,11,20,20,364,419.97,,#,,#,,,
1003001645,TRIVEDI,VINOD,SACRAMENTO,CA,Infectious Disease,S,DOXYCYCLINE HYCLATE,DOXYCYCLINE HYCLATE,,22,22,616,1485,,#,,#,,,
1003001645,TRIVEDI,VINOD,SACRAMENTO,CA,Infectious Disease,S,DOXYCYCLINE MONOHYDRATE,DOXYCYCLINE MONOHYDRATE,,20,20,522,1092.56,,#,,#,,,
1003001645,TRIVEDI,VINOD,SACRAMENTO,CA,Infectious Disease,S,FLUCONAZOLE,FLUCONAZOLE,,16,16,435,1524.7,,#,,#,,,
1003001645,TRIVEDI,VINOD,SACRAMENTO,CA,Infectious Disease,S,INTELENCE,ETRAVIRINE,,14,14,420,15229.41,0,,0,,0,0,0
1003001645,TRIVEDI,VINOD,SACRAMENTO,CA,Infectious Disease,S,ISENTRESS,RALTEGRAVIR POTASSIUM,,18,18,540,23430.07,0,,0,,0,0,0
1003001645,TRIVEDI,VINOD,SACRAMENTO,CA,Infectious Disease,S,MONUROL,FOSFOMYCIN TROMETHAMINE,,14,14,203,5461,,#,,#,,,
1003001645,TRIVEDI,VINOD,SACRAMENTO,CA,Infectious Disease,S,NITROFURANTOIN MONO-MACRO,NITROFURANTOIN MONOHYD/M-CRYST,,13,13,390,850.02,,*,13,,13,390,850.02
1003001645,TRIVEDI,VINOD,SACRAMENTO,CA,Infectious Disease,S,NORVIR,RITONAVIR,,16,16,480,7187.96,,*,,*,,,
1003001645,TRIVEDI,VINOD,SACRAMENTO,CA,Infectious Disease,S,PENICILLIN V POTASSIUM,PENICILLIN V POTASSIUM,,13,13,390,125.08,,*,13,,13,390,125.08
1003001645,TRIVEDI,VINOD,SACRAMENTO,CA,Infectious Disease,S,PREZISTA,DARUNAVIR ETHANOLATE,,12,12,360,16258.32,0,,0,,0,0,0
1003001645,TRIVEDI,VINOD,SACRAMENTO,CA,Infectious Disease,S,SULFAMETHOXAZOLE-TRIMETHOPRIM,SULFAMETHOXAZOLE/TRIMETHOPRIM,,12,12,337,90.8,,*,12,,12,337,90.8
1003001645,TRIVEDI,VINOD,SACRAMENTO,CA,Infectious Disease,S,TRIUMEQ,ABACAVIR/DOLUTEGRAVIR/LAMIVUDI,,33,33,974,76640.68,,*,21,,21,630,50881.06
1003001645,TRIVEDI,VINOD,SACRAMENTO,CA,Infectious Disease,S,TRUVADA,EMTRICITABINE/TENOFOVIR (TDF),,32,32,960,47222.43,,*,,*,,,
1003001645,TRIVEDI,VINOD,SACRAMENTO,CA,Infectious Disease,S,VANCOMYCIN HCL,VANCOMYCIN HCL,,14,14,122,2184.91,,#,,#,,,
1003001645,TRIVEDI,VINOD,SACRAMENTO,CA,Infectious Disease,S,VESICARE,SOLIFENACIN SUCCINATE,,13,13,287,2937.92,,*,13,,13,287,2937.92
1003001678,EIRICH,REBECCA,TURNERSVILLE,NJ,Nurse Practitioner,S,CLIMARA,ESTRADIOL,,12,35,1050,1952.44,,*,,*,,,
1003001785,JONES,JACLYN,CLEARWATER,FL,Orthopedic Surgery,S,HYDROCODONE-ACETAMINOPHEN,HYDROCODONE/ACETAMINOPHEN,12,15,15,78,169.44,,*,,*,,,
1003001785,JONES,JACLYN,CLEARWATER,FL,Orthopedic Surgery,S,IBUPROFEN,IBUPROFEN,,12,12,360,84.79,0,,0,,0,0,0
1003001785,JONES,JACLYN,CLEARWATER,FL,Orthopedic Surgery,S,MELOXICAM,MELOXICAM,12,22,28,840,131.77,,*,11,,17,510,92.15
1003001785,JONES,JACLYN,CLEARWATER,FL,Orthopedic Surgery,S,OXYCODONE-ACETAMINOPHEN,OXYCODONE HCL/ACETAMINOPHEN,,15,15,96,490.93,,*,,*,,,
1003001868,LINKER,PAMELA,HARRISBURG,NC,Dentist,T,AMOXICILLIN,AMOXICILLIN,36,53,53,223,154.97,,#,,#,,,
1003001868,LINKER,PAMELA,HARRISBURG,NC,Dentist,T,CEPHALEXIN,CEPHALEXIN,,14,14,22,43.11,,*,,*,,,
1003001884,SAHA,LUCILLE,FLINT,MI,Family Practice,S,ALLOPURINOL,ALLOPURINOL,,18,44,1320,173.75,,#,,#,,,
1003001884,SAHA,LUCILLE,FLINT,MI,Family Practice,S,ALPRAZOLAM,ALPRAZOLAM,22,51,56.7,1572,181.05,,#,38,,43.7,1231,138.76
1003001884,SAHA,LUCILLE,FLINT,MI,Family Practice,S,AMLODIPINE BESYLATE,AMLODIPINE BESYLATE,21,55,149,4414,536.67,,#,,#,,,
1003001884,SAHA,LUCILLE,FLINT,MI,Family Practice,S,AMOXICILLIN,AMOXICILLIN,,13,13,99,44.23,,#,,#,,,
1003001884,SAHA,LUCILLE,FLINT,MI,Family Practice,S,ARMOUR THYROID,THYROID,PORK,,12,30,900,622.4,,*,,*,,,
1003001884,SAHA,LUCILLE,FLINT,MI,Family Practice,S,ATENOLOL,ATENOLOL,11,28,80,2368,295.84,11,,28,,80,2368,295.84
1003001884,SAHA,LUCILLE,FLINT,MI,Family Practice,S,ATORVASTATIN CALCIUM,ATORVASTATIN CALCIUM,24,64,128,3824,880.16,,#,,#,,,
